/home/feem/Surrey/AML/aml_coursework/video_outputs/train.csv,video_outputs
/home/feem/Surrey/AML/aml_coursework/video_outputs/test.csv,video_outputs
/home/feem/Surrey/AML/aml_coursework/video_outputs/val.csv,video_outputs
/home/feem/Surrey/AML/aml_coursework/video_outputs/draw/600D12C0.mp4,draw
/home/feem/Surrey/AML/aml_coursework/video_outputs/draw/8B8BBF45.mp4,draw
/home/feem/Surrey/AML/aml_coursework/video_outputs/draw/E6D4195E.mp4,draw
/home/feem/Surrey/AML/aml_coursework/video_outputs/draw/D7E82A3B.mp4,draw
/home/feem/Surrey/AML/aml_coursework/video_outputs/draw/3F810FF7.mp4,draw
/home/feem/Surrey/AML/aml_coursework/video_outputs/draw/ED60C05E.mp4,draw
/home/feem/Surrey/AML/aml_coursework/video_outputs/draw/46A21E4A.mp4,draw
/home/feem/Surrey/AML/aml_coursework/video_outputs/draw/843FF4A2.mp4,draw
/home/feem/Surrey/AML/aml_coursework/video_outputs/draw/98C04573.mp4,draw
/home/feem/Surrey/AML/aml_coursework/video_outputs/draw/B3DE35CB.mp4,draw
/home/feem/Surrey/AML/aml_coursework/video_outputs/draw/F7776E59.mp4,draw
/home/feem/Surrey/AML/aml_coursework/video_outputs/draw/33992E0A.mp4,draw
/home/feem/Surrey/AML/aml_coursework/video_outputs/draw/05144E22.mp4,draw
/home/feem/Surrey/AML/aml_coursework/video_outputs/draw/95DBD48A.mp4,draw
/home/feem/Surrey/AML/aml_coursework/video_outputs/draw/52047A1B.mp4,draw
/home/feem/Surrey/AML/aml_coursework/video_outputs/draw/61BEF3EC.mp4,draw
/home/feem/Surrey/AML/aml_coursework/video_outputs/draw/CEDE486D.mp4,draw
/home/feem/Surrey/AML/aml_coursework/video_outputs/draw/C1EB06A4.mp4,draw
/home/feem/Surrey/AML/aml_coursework/video_outputs/draw/33A2D2A1.mp4,draw
/home/feem/Surrey/AML/aml_coursework/video_outputs/draw/AE19222A.mp4,draw
/home/feem/Surrey/AML/aml_coursework/video_outputs/draw/DD16BE0A.mp4,draw
/home/feem/Surrey/AML/aml_coursework/video_outputs/draw/9BBEA014.mp4,draw
/home/feem/Surrey/AML/aml_coursework/video_outputs/draw/DFB1E7AF.mp4,draw
/home/feem/Surrey/AML/aml_coursework/video_outputs/draw/CC291C83.mp4,draw
/home/feem/Surrey/AML/aml_coursework/video_outputs/draw/5BFCA880.mp4,draw
/home/feem/Surrey/AML/aml_coursework/video_outputs/draw/975C2BA3.mp4,draw
/home/feem/Surrey/AML/aml_coursework/video_outputs/draw/7D578D74.mp4,draw
/home/feem/Surrey/AML/aml_coursework/video_outputs/draw/3FB9BD2A.mp4,draw
/home/feem/Surrey/AML/aml_coursework/video_outputs/draw/0E690C9C.mp4,draw
/home/feem/Surrey/AML/aml_coursework/video_outputs/draw/C2E4ED0F.mp4,draw
/home/feem/Surrey/AML/aml_coursework/video_outputs/draw/245FD77D.mp4,draw
/home/feem/Surrey/AML/aml_coursework/video_outputs/draw/03540F2E.mp4,draw
/home/feem/Surrey/AML/aml_coursework/video_outputs/draw/207BE191.mp4,draw
/home/feem/Surrey/AML/aml_coursework/video_outputs/draw/8B9E7BBF.mp4,draw
/home/feem/Surrey/AML/aml_coursework/video_outputs/draw/FAA8EF02.mp4,draw
/home/feem/Surrey/AML/aml_coursework/video_outputs/draw/00149995.mp4,draw
/home/feem/Surrey/AML/aml_coursework/video_outputs/draw/82FC64FE.mp4,draw
/home/feem/Surrey/AML/aml_coursework/video_outputs/draw/349844F7.mp4,draw
/home/feem/Surrey/AML/aml_coursework/video_outputs/draw/9335A0A2.mp4,draw
/home/feem/Surrey/AML/aml_coursework/video_outputs/draw/C470E4D5.mp4,draw
/home/feem/Surrey/AML/aml_coursework/video_outputs/draw/9CD4F5E2.mp4,draw
/home/feem/Surrey/AML/aml_coursework/video_outputs/draw/41E74338.mp4,draw
/home/feem/Surrey/AML/aml_coursework/video_outputs/draw/0893D870.mp4,draw
/home/feem/Surrey/AML/aml_coursework/video_outputs/draw/B66CE371.mp4,draw
/home/feem/Surrey/AML/aml_coursework/video_outputs/draw/0BC024BD.mp4,draw
/home/feem/Surrey/AML/aml_coursework/video_outputs/draw/A50252DF.mp4,draw
/home/feem/Surrey/AML/aml_coursework/video_outputs/draw/2B6FC39A.mp4,draw
/home/feem/Surrey/AML/aml_coursework/video_outputs/draw/BB21F006.mp4,draw
/home/feem/Surrey/AML/aml_coursework/video_outputs/draw/45B49BD0.mp4,draw
/home/feem/Surrey/AML/aml_coursework/video_outputs/draw/37CB82D8.mp4,draw
/home/feem/Surrey/AML/aml_coursework/video_outputs/pour/A8ADD821.mp4,pour
/home/feem/Surrey/AML/aml_coursework/video_outputs/pour/A9370721.mp4,pour
/home/feem/Surrey/AML/aml_coursework/video_outputs/pour/C8A89805.mp4,pour
/home/feem/Surrey/AML/aml_coursework/video_outputs/pour/30130E50.mp4,pour
/home/feem/Surrey/AML/aml_coursework/video_outputs/pour/B3FAD664.mp4,pour
/home/feem/Surrey/AML/aml_coursework/video_outputs/pour/5F4E577E.mp4,pour
/home/feem/Surrey/AML/aml_coursework/video_outputs/pour/0665820A.mp4,pour
/home/feem/Surrey/AML/aml_coursework/video_outputs/pour/F03362B9.mp4,pour
/home/feem/Surrey/AML/aml_coursework/video_outputs/pour/E2D50030.mp4,pour
/home/feem/Surrey/AML/aml_coursework/video_outputs/pour/E62B8036.mp4,pour
/home/feem/Surrey/AML/aml_coursework/video_outputs/pour/9C48DE21.mp4,pour
/home/feem/Surrey/AML/aml_coursework/video_outputs/pour/01544FF5.mp4,pour
/home/feem/Surrey/AML/aml_coursework/video_outputs/pour/38517C54.mp4,pour
/home/feem/Surrey/AML/aml_coursework/video_outputs/pour/6C52E308.mp4,pour
/home/feem/Surrey/AML/aml_coursework/video_outputs/pour/4B3CC043.mp4,pour
/home/feem/Surrey/AML/aml_coursework/video_outputs/pour/499D11B8.mp4,pour
/home/feem/Surrey/AML/aml_coursework/video_outputs/pour/E389652D.mp4,pour
/home/feem/Surrey/AML/aml_coursework/video_outputs/pour/7488A6B6.mp4,pour
/home/feem/Surrey/AML/aml_coursework/video_outputs/pour/CA4DC2D7.mp4,pour
/home/feem/Surrey/AML/aml_coursework/video_outputs/pour/1A0C88E1.mp4,pour
/home/feem/Surrey/AML/aml_coursework/video_outputs/pour/AD6AB6AA.mp4,pour
/home/feem/Surrey/AML/aml_coursework/video_outputs/pour/485206EB.mp4,pour
/home/feem/Surrey/AML/aml_coursework/video_outputs/pour/B0377BEC.mp4,pour
/home/feem/Surrey/AML/aml_coursework/video_outputs/pour/DCB75902.mp4,pour
/home/feem/Surrey/AML/aml_coursework/video_outputs/pour/78E59282.mp4,pour
/home/feem/Surrey/AML/aml_coursework/video_outputs/pour/DC13AD0D.mp4,pour
/home/feem/Surrey/AML/aml_coursework/video_outputs/pour/40E17BF8.mp4,pour
/home/feem/Surrey/AML/aml_coursework/video_outputs/pour/F8F9A76A.mp4,pour
/home/feem/Surrey/AML/aml_coursework/video_outputs/pour/26782969.mp4,pour
/home/feem/Surrey/AML/aml_coursework/video_outputs/pour/AD87012E.mp4,pour
/home/feem/Surrey/AML/aml_coursework/video_outputs/pour/7D7B9F04.mp4,pour
/home/feem/Surrey/AML/aml_coursework/video_outputs/pour/D11EB209.mp4,pour
/home/feem/Surrey/AML/aml_coursework/video_outputs/pour/8AA92906.mp4,pour
/home/feem/Surrey/AML/aml_coursework/video_outputs/pour/23B01EB6.mp4,pour
/home/feem/Surrey/AML/aml_coursework/video_outputs/pour/84D26AB1.mp4,pour
/home/feem/Surrey/AML/aml_coursework/video_outputs/pour/FB45E1B5.mp4,pour
/home/feem/Surrey/AML/aml_coursework/video_outputs/pour/F3034A43.mp4,pour
/home/feem/Surrey/AML/aml_coursework/video_outputs/pour/1FD469AC.mp4,pour
/home/feem/Surrey/AML/aml_coursework/video_outputs/pour/414A4965.mp4,pour
/home/feem/Surrey/AML/aml_coursework/video_outputs/pour/555D965C.mp4,pour
/home/feem/Surrey/AML/aml_coursework/video_outputs/pour/F686ED41.mp4,pour
/home/feem/Surrey/AML/aml_coursework/video_outputs/pour/10D3F283.mp4,pour
/home/feem/Surrey/AML/aml_coursework/video_outputs/pour/7E7F4574.mp4,pour
/home/feem/Surrey/AML/aml_coursework/video_outputs/pour/A4453038.mp4,pour
/home/feem/Surrey/AML/aml_coursework/video_outputs/pour/0A59DA9D.mp4,pour
/home/feem/Surrey/AML/aml_coursework/video_outputs/pour/D2922B9D.mp4,pour
/home/feem/Surrey/AML/aml_coursework/video_outputs/pour/FB833B1C.mp4,pour
/home/feem/Surrey/AML/aml_coursework/video_outputs/pour/9EBAF4B9.mp4,pour
/home/feem/Surrey/AML/aml_coursework/video_outputs/pour/FA8CD5DC.mp4,pour
/home/feem/Surrey/AML/aml_coursework/video_outputs/pour/C84B3D27.mp4,pour
/home/feem/Surrey/AML/aml_coursework/video_outputs/flic/1E8F6A96.mp4,flic
/home/feem/Surrey/AML/aml_coursework/video_outputs/flic/C795D604.mp4,flic
/home/feem/Surrey/AML/aml_coursework/video_outputs/flic/3DCB192F.mp4,flic
/home/feem/Surrey/AML/aml_coursework/video_outputs/flic/85929A18.mp4,flic
/home/feem/Surrey/AML/aml_coursework/video_outputs/flic/778E89F9.mp4,flic
/home/feem/Surrey/AML/aml_coursework/video_outputs/flic/194A81C2.mp4,flic
/home/feem/Surrey/AML/aml_coursework/video_outputs/flic/873C7958.mp4,flic
/home/feem/Surrey/AML/aml_coursework/video_outputs/flic/2519A41B.mp4,flic
/home/feem/Surrey/AML/aml_coursework/video_outputs/flic/AF5A9E43.mp4,flic
/home/feem/Surrey/AML/aml_coursework/video_outputs/flic/1A50815B.mp4,flic
/home/feem/Surrey/AML/aml_coursework/video_outputs/flic/B2D4619C.mp4,flic
/home/feem/Surrey/AML/aml_coursework/video_outputs/flic/CCD1ADA2.mp4,flic
/home/feem/Surrey/AML/aml_coursework/video_outputs/flic/2B8D63AF.mp4,flic
/home/feem/Surrey/AML/aml_coursework/video_outputs/flic/AA62B8AE.mp4,flic
/home/feem/Surrey/AML/aml_coursework/video_outputs/flic/A62D401D.mp4,flic
/home/feem/Surrey/AML/aml_coursework/video_outputs/flic/06599F48.mp4,flic
/home/feem/Surrey/AML/aml_coursework/video_outputs/flic/436D314F.mp4,flic
/home/feem/Surrey/AML/aml_coursework/video_outputs/flic/F56AE60A.mp4,flic
/home/feem/Surrey/AML/aml_coursework/video_outputs/flic/A3A711DC.mp4,flic
/home/feem/Surrey/AML/aml_coursework/video_outputs/flic/AF53608B.mp4,flic
/home/feem/Surrey/AML/aml_coursework/video_outputs/flic/233D6053.mp4,flic
/home/feem/Surrey/AML/aml_coursework/video_outputs/flic/7E617D5D.mp4,flic
/home/feem/Surrey/AML/aml_coursework/video_outputs/flic/A89E8DC2.mp4,flic
/home/feem/Surrey/AML/aml_coursework/video_outputs/flic/92B0C6AD.mp4,flic
/home/feem/Surrey/AML/aml_coursework/video_outputs/flic/2108EEDC.mp4,flic
/home/feem/Surrey/AML/aml_coursework/video_outputs/flic/08279DED.mp4,flic
/home/feem/Surrey/AML/aml_coursework/video_outputs/flic/23B9C570.mp4,flic
/home/feem/Surrey/AML/aml_coursework/video_outputs/flic/F2FAAB0A.mp4,flic
/home/feem/Surrey/AML/aml_coursework/video_outputs/flic/CE8A9177.mp4,flic
/home/feem/Surrey/AML/aml_coursework/video_outputs/flic/FABB2876.mp4,flic
/home/feem/Surrey/AML/aml_coursework/video_outputs/flic/46B1B2E3.mp4,flic
/home/feem/Surrey/AML/aml_coursework/video_outputs/flic/82A6767D.mp4,flic
/home/feem/Surrey/AML/aml_coursework/video_outputs/flic/25467A1C.mp4,flic
/home/feem/Surrey/AML/aml_coursework/video_outputs/flic/9AC3A75E.mp4,flic
/home/feem/Surrey/AML/aml_coursework/video_outputs/flic/336AFFC7.mp4,flic
/home/feem/Surrey/AML/aml_coursework/video_outputs/flic/C11B6DC5.mp4,flic
/home/feem/Surrey/AML/aml_coursework/video_outputs/flic/C2DADF99.mp4,flic
/home/feem/Surrey/AML/aml_coursework/video_outputs/flic/F7D1F5A0.mp4,flic
/home/feem/Surrey/AML/aml_coursework/video_outputs/flic/2BA3DD8A.mp4,flic
/home/feem/Surrey/AML/aml_coursework/video_outputs/flic/409DF989.mp4,flic
/home/feem/Surrey/AML/aml_coursework/video_outputs/flic/8D4C070E.mp4,flic
/home/feem/Surrey/AML/aml_coursework/video_outputs/flic/A682186A.mp4,flic
/home/feem/Surrey/AML/aml_coursework/video_outputs/flic/CAA66729.mp4,flic
/home/feem/Surrey/AML/aml_coursework/video_outputs/flic/DF9B21AA.mp4,flic
/home/feem/Surrey/AML/aml_coursework/video_outputs/flic/4290A19A.mp4,flic
/home/feem/Surrey/AML/aml_coursework/video_outputs/flic/6A6DC78A.mp4,flic
/home/feem/Surrey/AML/aml_coursework/video_outputs/flic/2A17B5D0.mp4,flic
/home/feem/Surrey/AML/aml_coursework/video_outputs/flic/417AA3B6.mp4,flic
/home/feem/Surrey/AML/aml_coursework/video_outputs/flic/5A0E0152.mp4,flic
/home/feem/Surrey/AML/aml_coursework/video_outputs/flic/C1F01155.mp4,flic
/home/feem/Surrey/AML/aml_coursework/video_outputs/wave/A952DD15.mp4,wave
/home/feem/Surrey/AML/aml_coursework/video_outputs/wave/1566E94B.mp4,wave
/home/feem/Surrey/AML/aml_coursework/video_outputs/wave/D57AB0AD.mp4,wave
/home/feem/Surrey/AML/aml_coursework/video_outputs/wave/30FE507D.mp4,wave
/home/feem/Surrey/AML/aml_coursework/video_outputs/wave/9F0FE4AC.mp4,wave
/home/feem/Surrey/AML/aml_coursework/video_outputs/wave/2DC53323.mp4,wave
/home/feem/Surrey/AML/aml_coursework/video_outputs/wave/CA66BD35.mp4,wave
/home/feem/Surrey/AML/aml_coursework/video_outputs/wave/FD873E28.mp4,wave
/home/feem/Surrey/AML/aml_coursework/video_outputs/wave/EF1A4EA4.mp4,wave
/home/feem/Surrey/AML/aml_coursework/video_outputs/wave/A3E13D35.mp4,wave
/home/feem/Surrey/AML/aml_coursework/video_outputs/wave/ACB63DCF.mp4,wave
/home/feem/Surrey/AML/aml_coursework/video_outputs/wave/8F42971C.mp4,wave
/home/feem/Surrey/AML/aml_coursework/video_outputs/wave/1143A517.mp4,wave
/home/feem/Surrey/AML/aml_coursework/video_outputs/wave/760E2F4E.mp4,wave
/home/feem/Surrey/AML/aml_coursework/video_outputs/wave/E676E95C.mp4,wave
/home/feem/Surrey/AML/aml_coursework/video_outputs/wave/CA26CE82.mp4,wave
/home/feem/Surrey/AML/aml_coursework/video_outputs/wave/DE50934F.mp4,wave
/home/feem/Surrey/AML/aml_coursework/video_outputs/wave/6FF3457C.mp4,wave
/home/feem/Surrey/AML/aml_coursework/video_outputs/wave/CA550F91.mp4,wave
/home/feem/Surrey/AML/aml_coursework/video_outputs/wave/7937CA68.mp4,wave
/home/feem/Surrey/AML/aml_coursework/video_outputs/wave/353237F7.mp4,wave
/home/feem/Surrey/AML/aml_coursework/video_outputs/wave/8A8BA419.mp4,wave
/home/feem/Surrey/AML/aml_coursework/video_outputs/wave/D08644E7.mp4,wave
/home/feem/Surrey/AML/aml_coursework/video_outputs/wave/C6CC90A4.mp4,wave
/home/feem/Surrey/AML/aml_coursework/video_outputs/wave/4F1E0382.mp4,wave
/home/feem/Surrey/AML/aml_coursework/video_outputs/wave/831F872B.mp4,wave
/home/feem/Surrey/AML/aml_coursework/video_outputs/wave/8EDB8A63.mp4,wave
/home/feem/Surrey/AML/aml_coursework/video_outputs/wave/62CEF24B.mp4,wave
/home/feem/Surrey/AML/aml_coursework/video_outputs/wave/82CE4DFB.mp4,wave
/home/feem/Surrey/AML/aml_coursework/video_outputs/wave/BDE086A6.mp4,wave
/home/feem/Surrey/AML/aml_coursework/video_outputs/wave/8FB4A52F.mp4,wave
/home/feem/Surrey/AML/aml_coursework/video_outputs/wave/8EDF5FC6.mp4,wave
/home/feem/Surrey/AML/aml_coursework/video_outputs/wave/2BB1CD1D.mp4,wave
/home/feem/Surrey/AML/aml_coursework/video_outputs/wave/C6E07F42.mp4,wave
/home/feem/Surrey/AML/aml_coursework/video_outputs/wave/8F0FCE3B.mp4,wave
/home/feem/Surrey/AML/aml_coursework/video_outputs/wave/9EB7530B.mp4,wave
/home/feem/Surrey/AML/aml_coursework/video_outputs/wave/470869DF.mp4,wave
/home/feem/Surrey/AML/aml_coursework/video_outputs/wave/E16E6ECA.mp4,wave
/home/feem/Surrey/AML/aml_coursework/video_outputs/wave/47219BB0.mp4,wave
/home/feem/Surrey/AML/aml_coursework/video_outputs/wave/D245FCFA.mp4,wave
/home/feem/Surrey/AML/aml_coursework/video_outputs/wave/9BF26B8F.mp4,wave
/home/feem/Surrey/AML/aml_coursework/video_outputs/wave/D2C56019.mp4,wave
/home/feem/Surrey/AML/aml_coursework/video_outputs/wave/C4C70408.mp4,wave
/home/feem/Surrey/AML/aml_coursework/video_outputs/wave/10EED862.mp4,wave
/home/feem/Surrey/AML/aml_coursework/video_outputs/wave/489776EA.mp4,wave
/home/feem/Surrey/AML/aml_coursework/video_outputs/wave/3B71DA4A.mp4,wave
/home/feem/Surrey/AML/aml_coursework/video_outputs/wave/7F95EC4B.mp4,wave
/home/feem/Surrey/AML/aml_coursework/video_outputs/wave/1273F545.mp4,wave
/home/feem/Surrey/AML/aml_coursework/video_outputs/wave/3AB7E0BB.mp4,wave
/home/feem/Surrey/AML/aml_coursework/video_outputs/wave/DDC63227.mp4,wave
/home/feem/Surrey/AML/aml_coursework/video_outputs/brush/EFA6D40F.mp4,brush
/home/feem/Surrey/AML/aml_coursework/video_outputs/brush/1D650A30.mp4,brush
/home/feem/Surrey/AML/aml_coursework/video_outputs/brush/081F6C1C.mp4,brush
/home/feem/Surrey/AML/aml_coursework/video_outputs/brush/693C455F.mp4,brush
/home/feem/Surrey/AML/aml_coursework/video_outputs/brush/CE0B3133.mp4,brush
/home/feem/Surrey/AML/aml_coursework/video_outputs/brush/BA122D12.mp4,brush
/home/feem/Surrey/AML/aml_coursework/video_outputs/brush/C4033D2E.mp4,brush
/home/feem/Surrey/AML/aml_coursework/video_outputs/brush/D35489FB.mp4,brush
/home/feem/Surrey/AML/aml_coursework/video_outputs/brush/73FC219E.mp4,brush
/home/feem/Surrey/AML/aml_coursework/video_outputs/brush/060FCA90.mp4,brush
/home/feem/Surrey/AML/aml_coursework/video_outputs/brush/A1C2A9A8.mp4,brush
/home/feem/Surrey/AML/aml_coursework/video_outputs/brush/CC26D6FE.mp4,brush
/home/feem/Surrey/AML/aml_coursework/video_outputs/brush/D42F1103.mp4,brush
/home/feem/Surrey/AML/aml_coursework/video_outputs/brush/4DD7280B.mp4,brush
/home/feem/Surrey/AML/aml_coursework/video_outputs/brush/F24EB2B7.mp4,brush
/home/feem/Surrey/AML/aml_coursework/video_outputs/brush/DEF7EC9F.mp4,brush
/home/feem/Surrey/AML/aml_coursework/video_outputs/brush/C17AB0BC.mp4,brush
/home/feem/Surrey/AML/aml_coursework/video_outputs/brush/43DBC797.mp4,brush
/home/feem/Surrey/AML/aml_coursework/video_outputs/brush/40728647.mp4,brush
/home/feem/Surrey/AML/aml_coursework/video_outputs/brush/4F7C7322.mp4,brush
/home/feem/Surrey/AML/aml_coursework/video_outputs/brush/1C53D816.mp4,brush
/home/feem/Surrey/AML/aml_coursework/video_outputs/brush/48BDB186.mp4,brush
/home/feem/Surrey/AML/aml_coursework/video_outputs/brush/6FF965CF.mp4,brush
/home/feem/Surrey/AML/aml_coursework/video_outputs/brush/120EA2B8.mp4,brush
/home/feem/Surrey/AML/aml_coursework/video_outputs/brush/08E09BB2.mp4,brush
/home/feem/Surrey/AML/aml_coursework/video_outputs/brush/40619D8D.mp4,brush
/home/feem/Surrey/AML/aml_coursework/video_outputs/brush/90F51628.mp4,brush
/home/feem/Surrey/AML/aml_coursework/video_outputs/brush/36367EAE.mp4,brush
/home/feem/Surrey/AML/aml_coursework/video_outputs/brush/C4845AD1.mp4,brush
/home/feem/Surrey/AML/aml_coursework/video_outputs/brush/274DECA0.mp4,brush
/home/feem/Surrey/AML/aml_coursework/video_outputs/brush/445F9546.mp4,brush
/home/feem/Surrey/AML/aml_coursework/video_outputs/brush/FEB86EA7.mp4,brush
/home/feem/Surrey/AML/aml_coursework/video_outputs/brush/4EB91FCB.mp4,brush
/home/feem/Surrey/AML/aml_coursework/video_outputs/brush/FF04A83A.mp4,brush
/home/feem/Surrey/AML/aml_coursework/video_outputs/brush/35E4CE98.mp4,brush
/home/feem/Surrey/AML/aml_coursework/video_outputs/brush/15C14070.mp4,brush
/home/feem/Surrey/AML/aml_coursework/video_outputs/brush/F22FF969.mp4,brush
/home/feem/Surrey/AML/aml_coursework/video_outputs/brush/A0CB7C82.mp4,brush
/home/feem/Surrey/AML/aml_coursework/video_outputs/brush/2BA58076.mp4,brush
/home/feem/Surrey/AML/aml_coursework/video_outputs/brush/69A226C4.mp4,brush
/home/feem/Surrey/AML/aml_coursework/video_outputs/brush/6062F672.mp4,brush
/home/feem/Surrey/AML/aml_coursework/video_outputs/brush/020E3BBA.mp4,brush
/home/feem/Surrey/AML/aml_coursework/video_outputs/brush/F7EDC511.mp4,brush
/home/feem/Surrey/AML/aml_coursework/video_outputs/brush/15E0361C.mp4,brush
/home/feem/Surrey/AML/aml_coursework/video_outputs/brush/F2F39F61.mp4,brush
/home/feem/Surrey/AML/aml_coursework/video_outputs/brush/35272483.mp4,brush
/home/feem/Surrey/AML/aml_coursework/video_outputs/brush/DBBC6D8D.mp4,brush
/home/feem/Surrey/AML/aml_coursework/video_outputs/brush/95F1C504.mp4,brush
/home/feem/Surrey/AML/aml_coursework/video_outputs/brush/56400C9D.mp4,brush
/home/feem/Surrey/AML/aml_coursework/video_outputs/brush/AB1830A9.mp4,brush
/home/feem/Surrey/AML/aml_coursework/video_outputs/fencing/DA007A75.mp4,fencing
/home/feem/Surrey/AML/aml_coursework/video_outputs/fencing/BB04C35C.mp4,fencing
/home/feem/Surrey/AML/aml_coursework/video_outputs/fencing/47880639.mp4,fencing
/home/feem/Surrey/AML/aml_coursework/video_outputs/fencing/09BEBEC7.mp4,fencing
/home/feem/Surrey/AML/aml_coursework/video_outputs/fencing/33B2C741.mp4,fencing
/home/feem/Surrey/AML/aml_coursework/video_outputs/fencing/5B004035.mp4,fencing
/home/feem/Surrey/AML/aml_coursework/video_outputs/fencing/4F270EC7.mp4,fencing
/home/feem/Surrey/AML/aml_coursework/video_outputs/fencing/9EAB0942.mp4,fencing
/home/feem/Surrey/AML/aml_coursework/video_outputs/fencing/849D9AB6.mp4,fencing
/home/feem/Surrey/AML/aml_coursework/video_outputs/fencing/89FF5970.mp4,fencing
/home/feem/Surrey/AML/aml_coursework/video_outputs/fencing/54D173FF.mp4,fencing
/home/feem/Surrey/AML/aml_coursework/video_outputs/fencing/D188C6AF.mp4,fencing
/home/feem/Surrey/AML/aml_coursework/video_outputs/fencing/F1951A95.mp4,fencing
/home/feem/Surrey/AML/aml_coursework/video_outputs/fencing/96C197C1.mp4,fencing
/home/feem/Surrey/AML/aml_coursework/video_outputs/fencing/AF19A7BC.mp4,fencing
/home/feem/Surrey/AML/aml_coursework/video_outputs/fencing/6E39C993.mp4,fencing
/home/feem/Surrey/AML/aml_coursework/video_outputs/fencing/732F27EE.mp4,fencing
/home/feem/Surrey/AML/aml_coursework/video_outputs/fencing/F17DBA0D.mp4,fencing
/home/feem/Surrey/AML/aml_coursework/video_outputs/fencing/B37791D5.mp4,fencing
/home/feem/Surrey/AML/aml_coursework/video_outputs/fencing/E285C7C4.mp4,fencing
/home/feem/Surrey/AML/aml_coursework/video_outputs/fencing/19DB8DD6.mp4,fencing
/home/feem/Surrey/AML/aml_coursework/video_outputs/fencing/D2678918.mp4,fencing
/home/feem/Surrey/AML/aml_coursework/video_outputs/fencing/33D786F5.mp4,fencing
/home/feem/Surrey/AML/aml_coursework/video_outputs/fencing/7C351414.mp4,fencing
/home/feem/Surrey/AML/aml_coursework/video_outputs/fencing/B84F2268.mp4,fencing
/home/feem/Surrey/AML/aml_coursework/video_outputs/fencing/922B15D1.mp4,fencing
/home/feem/Surrey/AML/aml_coursework/video_outputs/fencing/C01940F6.mp4,fencing
/home/feem/Surrey/AML/aml_coursework/video_outputs/fencing/A872B64F.mp4,fencing
/home/feem/Surrey/AML/aml_coursework/video_outputs/fencing/97665D49.mp4,fencing
/home/feem/Surrey/AML/aml_coursework/video_outputs/fencing/D6384912.mp4,fencing
/home/feem/Surrey/AML/aml_coursework/video_outputs/fencing/4154A2AD.mp4,fencing
/home/feem/Surrey/AML/aml_coursework/video_outputs/fencing/60220048.mp4,fencing
/home/feem/Surrey/AML/aml_coursework/video_outputs/fencing/3EE0C1F0.mp4,fencing
/home/feem/Surrey/AML/aml_coursework/video_outputs/fencing/8ADE59DE.mp4,fencing
/home/feem/Surrey/AML/aml_coursework/video_outputs/fencing/C7E37273.mp4,fencing
/home/feem/Surrey/AML/aml_coursework/video_outputs/fencing/1EF6E0D9.mp4,fencing
/home/feem/Surrey/AML/aml_coursework/video_outputs/fencing/3454DC62.mp4,fencing
/home/feem/Surrey/AML/aml_coursework/video_outputs/fencing/703719EF.mp4,fencing
/home/feem/Surrey/AML/aml_coursework/video_outputs/fencing/8017C479.mp4,fencing
/home/feem/Surrey/AML/aml_coursework/video_outputs/fencing/157A0518.mp4,fencing
/home/feem/Surrey/AML/aml_coursework/video_outputs/fencing/DCB6FAA9.mp4,fencing
/home/feem/Surrey/AML/aml_coursework/video_outputs/fencing/A75101C6.mp4,fencing
/home/feem/Surrey/AML/aml_coursework/video_outputs/fencing/01B37C02.mp4,fencing
/home/feem/Surrey/AML/aml_coursework/video_outputs/fencing/302F2ABE.mp4,fencing
/home/feem/Surrey/AML/aml_coursework/video_outputs/fencing/8B26CCF0.mp4,fencing
/home/feem/Surrey/AML/aml_coursework/video_outputs/fencing/94EE2591.mp4,fencing
/home/feem/Surrey/AML/aml_coursework/video_outputs/fencing/C2153721.mp4,fencing
/home/feem/Surrey/AML/aml_coursework/video_outputs/fencing/D75F545E.mp4,fencing
/home/feem/Surrey/AML/aml_coursework/video_outputs/fencing/E4D30F14.mp4,fencing
/home/feem/Surrey/AML/aml_coursework/video_outputs/fencing/87093538.mp4,fencing
/home/feem/Surrey/AML/aml_coursework/video_outputs/kiss/C0694FED.mp4,kiss
/home/feem/Surrey/AML/aml_coursework/video_outputs/kiss/8D2D4A2E.mp4,kiss
/home/feem/Surrey/AML/aml_coursework/video_outputs/kiss/58F47C08.mp4,kiss
/home/feem/Surrey/AML/aml_coursework/video_outputs/kiss/439BE89F.mp4,kiss
/home/feem/Surrey/AML/aml_coursework/video_outputs/kiss/A41F6E4A.mp4,kiss
/home/feem/Surrey/AML/aml_coursework/video_outputs/kiss/7DD1DFEB.mp4,kiss
/home/feem/Surrey/AML/aml_coursework/video_outputs/kiss/8E910CA6.mp4,kiss
/home/feem/Surrey/AML/aml_coursework/video_outputs/kiss/F4ADA39A.mp4,kiss
/home/feem/Surrey/AML/aml_coursework/video_outputs/kiss/F5903AC4.mp4,kiss
/home/feem/Surrey/AML/aml_coursework/video_outputs/kiss/A0EF5D26.mp4,kiss
/home/feem/Surrey/AML/aml_coursework/video_outputs/kiss/E0EEB16A.mp4,kiss
/home/feem/Surrey/AML/aml_coursework/video_outputs/kiss/A9511BC9.mp4,kiss
/home/feem/Surrey/AML/aml_coursework/video_outputs/kiss/647B0851.mp4,kiss
/home/feem/Surrey/AML/aml_coursework/video_outputs/kiss/836BF4F0.mp4,kiss
/home/feem/Surrey/AML/aml_coursework/video_outputs/kiss/DAC5428F.mp4,kiss
/home/feem/Surrey/AML/aml_coursework/video_outputs/kiss/56E28AB5.mp4,kiss
/home/feem/Surrey/AML/aml_coursework/video_outputs/kiss/FD51D7AB.mp4,kiss
/home/feem/Surrey/AML/aml_coursework/video_outputs/kiss/92603034.mp4,kiss
/home/feem/Surrey/AML/aml_coursework/video_outputs/kiss/7765330B.mp4,kiss
/home/feem/Surrey/AML/aml_coursework/video_outputs/kiss/CED28A4B.mp4,kiss
/home/feem/Surrey/AML/aml_coursework/video_outputs/kiss/8ED0F484.mp4,kiss
/home/feem/Surrey/AML/aml_coursework/video_outputs/kiss/DCC9AF78.mp4,kiss
/home/feem/Surrey/AML/aml_coursework/video_outputs/kiss/906657CC.mp4,kiss
/home/feem/Surrey/AML/aml_coursework/video_outputs/kiss/6F909DB0.mp4,kiss
/home/feem/Surrey/AML/aml_coursework/video_outputs/kiss/E903FA0D.mp4,kiss
/home/feem/Surrey/AML/aml_coursework/video_outputs/kiss/BB6DB6E1.mp4,kiss
/home/feem/Surrey/AML/aml_coursework/video_outputs/kiss/68E50F34.mp4,kiss
/home/feem/Surrey/AML/aml_coursework/video_outputs/kiss/5952BFCB.mp4,kiss
/home/feem/Surrey/AML/aml_coursework/video_outputs/kiss/D39818D4.mp4,kiss
/home/feem/Surrey/AML/aml_coursework/video_outputs/kiss/7FEE9C93.mp4,kiss
/home/feem/Surrey/AML/aml_coursework/video_outputs/kiss/F2E34D1D.mp4,kiss
/home/feem/Surrey/AML/aml_coursework/video_outputs/kiss/52BFC30E.mp4,kiss
/home/feem/Surrey/AML/aml_coursework/video_outputs/kiss/B714DFA7.mp4,kiss
/home/feem/Surrey/AML/aml_coursework/video_outputs/kiss/D57B4679.mp4,kiss
/home/feem/Surrey/AML/aml_coursework/video_outputs/kiss/A5EC3318.mp4,kiss
/home/feem/Surrey/AML/aml_coursework/video_outputs/kiss/E28E8488.mp4,kiss
/home/feem/Surrey/AML/aml_coursework/video_outputs/kiss/B996A00B.mp4,kiss
/home/feem/Surrey/AML/aml_coursework/video_outputs/kiss/0ECF537C.mp4,kiss
/home/feem/Surrey/AML/aml_coursework/video_outputs/kiss/2971ED08.mp4,kiss
/home/feem/Surrey/AML/aml_coursework/video_outputs/kiss/51EF03E4.mp4,kiss
/home/feem/Surrey/AML/aml_coursework/video_outputs/kiss/AA7FAE04.mp4,kiss
/home/feem/Surrey/AML/aml_coursework/video_outputs/kiss/D1391A0A.mp4,kiss
/home/feem/Surrey/AML/aml_coursework/video_outputs/kiss/7BDC5CFF.mp4,kiss
/home/feem/Surrey/AML/aml_coursework/video_outputs/kiss/319F3B09.mp4,kiss
/home/feem/Surrey/AML/aml_coursework/video_outputs/kiss/04EC884E.mp4,kiss
/home/feem/Surrey/AML/aml_coursework/video_outputs/kiss/CE0A7621.mp4,kiss
/home/feem/Surrey/AML/aml_coursework/video_outputs/kiss/842E12DE.mp4,kiss
/home/feem/Surrey/AML/aml_coursework/video_outputs/kiss/C6FBE648.mp4,kiss
/home/feem/Surrey/AML/aml_coursework/video_outputs/kiss/012E0669.mp4,kiss
/home/feem/Surrey/AML/aml_coursework/video_outputs/kiss/3475267A.mp4,kiss
/home/feem/Surrey/AML/aml_coursework/video_outputs/smile/997A6F10.mp4,smile
/home/feem/Surrey/AML/aml_coursework/video_outputs/smile/2AE87177.mp4,smile
/home/feem/Surrey/AML/aml_coursework/video_outputs/smile/3AAA0664.mp4,smile
/home/feem/Surrey/AML/aml_coursework/video_outputs/smile/DD867889.mp4,smile
/home/feem/Surrey/AML/aml_coursework/video_outputs/smile/F1E5EB18.mp4,smile
/home/feem/Surrey/AML/aml_coursework/video_outputs/smile/D71445A8.mp4,smile
/home/feem/Surrey/AML/aml_coursework/video_outputs/smile/691843DF.mp4,smile
/home/feem/Surrey/AML/aml_coursework/video_outputs/smile/E738F63A.mp4,smile
/home/feem/Surrey/AML/aml_coursework/video_outputs/smile/998AF574.mp4,smile
/home/feem/Surrey/AML/aml_coursework/video_outputs/smile/2CD03AFE.mp4,smile
/home/feem/Surrey/AML/aml_coursework/video_outputs/smile/CDB3E5C2.mp4,smile
/home/feem/Surrey/AML/aml_coursework/video_outputs/smile/89639424.mp4,smile
/home/feem/Surrey/AML/aml_coursework/video_outputs/smile/658467EF.mp4,smile
/home/feem/Surrey/AML/aml_coursework/video_outputs/smile/7009FB0C.mp4,smile
/home/feem/Surrey/AML/aml_coursework/video_outputs/smile/E49244EC.mp4,smile
/home/feem/Surrey/AML/aml_coursework/video_outputs/smile/84283E9B.mp4,smile
/home/feem/Surrey/AML/aml_coursework/video_outputs/smile/4760934B.mp4,smile
/home/feem/Surrey/AML/aml_coursework/video_outputs/smile/1DC68036.mp4,smile
/home/feem/Surrey/AML/aml_coursework/video_outputs/smile/9DE08FD4.mp4,smile
/home/feem/Surrey/AML/aml_coursework/video_outputs/smile/4FC7FE09.mp4,smile
/home/feem/Surrey/AML/aml_coursework/video_outputs/smile/171664B6.mp4,smile
/home/feem/Surrey/AML/aml_coursework/video_outputs/smile/C523293C.mp4,smile
/home/feem/Surrey/AML/aml_coursework/video_outputs/smile/8F5C87A9.mp4,smile
/home/feem/Surrey/AML/aml_coursework/video_outputs/smile/147EA8EB.mp4,smile
/home/feem/Surrey/AML/aml_coursework/video_outputs/smile/FEB46517.mp4,smile
/home/feem/Surrey/AML/aml_coursework/video_outputs/smile/E392E6FF.mp4,smile
/home/feem/Surrey/AML/aml_coursework/video_outputs/smile/1C501AC2.mp4,smile
/home/feem/Surrey/AML/aml_coursework/video_outputs/smile/E2DD2A90.mp4,smile
/home/feem/Surrey/AML/aml_coursework/video_outputs/smile/E4364797.mp4,smile
/home/feem/Surrey/AML/aml_coursework/video_outputs/smile/F1759286.mp4,smile
/home/feem/Surrey/AML/aml_coursework/video_outputs/smile/02110AC6.mp4,smile
/home/feem/Surrey/AML/aml_coursework/video_outputs/smile/BBCD8397.mp4,smile
/home/feem/Surrey/AML/aml_coursework/video_outputs/smile/4CB8CD85.mp4,smile
/home/feem/Surrey/AML/aml_coursework/video_outputs/smile/8355CBD8.mp4,smile
/home/feem/Surrey/AML/aml_coursework/video_outputs/smile/4A705903.mp4,smile
/home/feem/Surrey/AML/aml_coursework/video_outputs/smile/F11051A0.mp4,smile
/home/feem/Surrey/AML/aml_coursework/video_outputs/smile/E6FF9C80.mp4,smile
/home/feem/Surrey/AML/aml_coursework/video_outputs/smile/C1AEE749.mp4,smile
/home/feem/Surrey/AML/aml_coursework/video_outputs/smile/11C4E7F2.mp4,smile
/home/feem/Surrey/AML/aml_coursework/video_outputs/smile/6B0C764B.mp4,smile
/home/feem/Surrey/AML/aml_coursework/video_outputs/smile/B509E9B8.mp4,smile
/home/feem/Surrey/AML/aml_coursework/video_outputs/smile/E89DDD5D.mp4,smile
/home/feem/Surrey/AML/aml_coursework/video_outputs/smile/A3C0AF17.mp4,smile
/home/feem/Surrey/AML/aml_coursework/video_outputs/smile/45D523EF.mp4,smile
/home/feem/Surrey/AML/aml_coursework/video_outputs/smile/B9AE21D4.mp4,smile
/home/feem/Surrey/AML/aml_coursework/video_outputs/smile/5C3104BE.mp4,smile
/home/feem/Surrey/AML/aml_coursework/video_outputs/smile/730B9099.mp4,smile
/home/feem/Surrey/AML/aml_coursework/video_outputs/smile/0152FB7C.mp4,smile
/home/feem/Surrey/AML/aml_coursework/video_outputs/smile/11794615.mp4,smile
/home/feem/Surrey/AML/aml_coursework/video_outputs/smile/A587A358.mp4,smile
/home/feem/Surrey/AML/aml_coursework/video_outputs/shoot/D520A87D.mp4,shoot
/home/feem/Surrey/AML/aml_coursework/video_outputs/shoot/81691034.mp4,shoot
/home/feem/Surrey/AML/aml_coursework/video_outputs/shoot/82A9F669.mp4,shoot
/home/feem/Surrey/AML/aml_coursework/video_outputs/shoot/A2FEA0EE.mp4,shoot
/home/feem/Surrey/AML/aml_coursework/video_outputs/shoot/972F44E1.mp4,shoot
/home/feem/Surrey/AML/aml_coursework/video_outputs/shoot/768D4F48.mp4,shoot
/home/feem/Surrey/AML/aml_coursework/video_outputs/shoot/38087CF0.mp4,shoot
/home/feem/Surrey/AML/aml_coursework/video_outputs/shoot/6484B39A.mp4,shoot
/home/feem/Surrey/AML/aml_coursework/video_outputs/shoot/365525A7.mp4,shoot
/home/feem/Surrey/AML/aml_coursework/video_outputs/shoot/0E6D5C1F.mp4,shoot
/home/feem/Surrey/AML/aml_coursework/video_outputs/shoot/E46D4B84.mp4,shoot
/home/feem/Surrey/AML/aml_coursework/video_outputs/shoot/B610FF93.mp4,shoot
/home/feem/Surrey/AML/aml_coursework/video_outputs/shoot/961C1653.mp4,shoot
/home/feem/Surrey/AML/aml_coursework/video_outputs/shoot/F3FDFF5D.mp4,shoot
/home/feem/Surrey/AML/aml_coursework/video_outputs/shoot/B2772A4A.mp4,shoot
/home/feem/Surrey/AML/aml_coursework/video_outputs/shoot/B257F4EC.mp4,shoot
/home/feem/Surrey/AML/aml_coursework/video_outputs/shoot/D48F1D8E.mp4,shoot
/home/feem/Surrey/AML/aml_coursework/video_outputs/shoot/CCAD9B36.mp4,shoot
/home/feem/Surrey/AML/aml_coursework/video_outputs/shoot/2C90829F.mp4,shoot
/home/feem/Surrey/AML/aml_coursework/video_outputs/shoot/F9DA18EE.mp4,shoot
/home/feem/Surrey/AML/aml_coursework/video_outputs/shoot/15DFC41A.mp4,shoot
/home/feem/Surrey/AML/aml_coursework/video_outputs/shoot/BD9E0810.mp4,shoot
/home/feem/Surrey/AML/aml_coursework/video_outputs/shoot/04D64EF4.mp4,shoot
/home/feem/Surrey/AML/aml_coursework/video_outputs/shoot/B3EA1B49.mp4,shoot
/home/feem/Surrey/AML/aml_coursework/video_outputs/shoot/2D3AEDDA.mp4,shoot
/home/feem/Surrey/AML/aml_coursework/video_outputs/shoot/2D8D9C2B.mp4,shoot
/home/feem/Surrey/AML/aml_coursework/video_outputs/shoot/375F2CC4.mp4,shoot
/home/feem/Surrey/AML/aml_coursework/video_outputs/shoot/4D8078FE.mp4,shoot
/home/feem/Surrey/AML/aml_coursework/video_outputs/shoot/59C261EF.mp4,shoot
/home/feem/Surrey/AML/aml_coursework/video_outputs/shoot/454EC73C.mp4,shoot
/home/feem/Surrey/AML/aml_coursework/video_outputs/shoot/B15BFC91.mp4,shoot
/home/feem/Surrey/AML/aml_coursework/video_outputs/shoot/0036451A.mp4,shoot
/home/feem/Surrey/AML/aml_coursework/video_outputs/shoot/EF419F5E.mp4,shoot
/home/feem/Surrey/AML/aml_coursework/video_outputs/shoot/60103E6B.mp4,shoot
/home/feem/Surrey/AML/aml_coursework/video_outputs/shoot/8DDD36AF.mp4,shoot
/home/feem/Surrey/AML/aml_coursework/video_outputs/shoot/7BBCC3D7.mp4,shoot
/home/feem/Surrey/AML/aml_coursework/video_outputs/shoot/6D97F64D.mp4,shoot
/home/feem/Surrey/AML/aml_coursework/video_outputs/shoot/E3DD9F91.mp4,shoot
/home/feem/Surrey/AML/aml_coursework/video_outputs/shoot/618EF471.mp4,shoot
/home/feem/Surrey/AML/aml_coursework/video_outputs/shoot/212A3510.mp4,shoot
/home/feem/Surrey/AML/aml_coursework/video_outputs/shoot/87133685.mp4,shoot
/home/feem/Surrey/AML/aml_coursework/video_outputs/shoot/806CFE93.mp4,shoot
/home/feem/Surrey/AML/aml_coursework/video_outputs/shoot/EAF64EC8.mp4,shoot
/home/feem/Surrey/AML/aml_coursework/video_outputs/shoot/E07D4F53.mp4,shoot
/home/feem/Surrey/AML/aml_coursework/video_outputs/shoot/4C4953B1.mp4,shoot
/home/feem/Surrey/AML/aml_coursework/video_outputs/shoot/AA64A7B4.mp4,shoot
/home/feem/Surrey/AML/aml_coursework/video_outputs/shoot/6C997EA8.mp4,shoot
/home/feem/Surrey/AML/aml_coursework/video_outputs/shoot/C7370E52.mp4,shoot
/home/feem/Surrey/AML/aml_coursework/video_outputs/shoot/C6950BA2.mp4,shoot
/home/feem/Surrey/AML/aml_coursework/video_outputs/shoot/B3603A45.mp4,shoot
/home/feem/Surrey/AML/aml_coursework/video_outputs/shoot/44079771.mp4,shoot
/home/feem/Surrey/AML/aml_coursework/video_outputs/shoot/54A83AAC.mp4,shoot
/home/feem/Surrey/AML/aml_coursework/video_outputs/shoot/9AFD74E6.mp4,shoot
/home/feem/Surrey/AML/aml_coursework/video_outputs/shoot/A72B2B1B.mp4,shoot
/home/feem/Surrey/AML/aml_coursework/video_outputs/shoot/526A690F.mp4,shoot
/home/feem/Surrey/AML/aml_coursework/video_outputs/shoot/0C01C4A0.mp4,shoot
/home/feem/Surrey/AML/aml_coursework/video_outputs/shoot/4DA807B2.mp4,shoot
/home/feem/Surrey/AML/aml_coursework/video_outputs/shoot/67A7D9F8.mp4,shoot
/home/feem/Surrey/AML/aml_coursework/video_outputs/shoot/D521C1D4.mp4,shoot
/home/feem/Surrey/AML/aml_coursework/video_outputs/shoot/FAF290F1.mp4,shoot
/home/feem/Surrey/AML/aml_coursework/video_outputs/shoot/93A01810.mp4,shoot
/home/feem/Surrey/AML/aml_coursework/video_outputs/shoot/FC9C54B0.mp4,shoot
/home/feem/Surrey/AML/aml_coursework/video_outputs/shoot/7943E51A.mp4,shoot
/home/feem/Surrey/AML/aml_coursework/video_outputs/shoot/F1192C18.mp4,shoot
/home/feem/Surrey/AML/aml_coursework/video_outputs/shoot/7511044D.mp4,shoot
/home/feem/Surrey/AML/aml_coursework/video_outputs/shoot/48AC1462.mp4,shoot
/home/feem/Surrey/AML/aml_coursework/video_outputs/shoot/6E0CD37F.mp4,shoot
/home/feem/Surrey/AML/aml_coursework/video_outputs/shoot/F204D471.mp4,shoot
/home/feem/Surrey/AML/aml_coursework/video_outputs/shoot/2D5EB203.mp4,shoot
/home/feem/Surrey/AML/aml_coursework/video_outputs/shoot/E93A3472.mp4,shoot
/home/feem/Surrey/AML/aml_coursework/video_outputs/shoot/C373356F.mp4,shoot
/home/feem/Surrey/AML/aml_coursework/video_outputs/shoot/880B973A.mp4,shoot
/home/feem/Surrey/AML/aml_coursework/video_outputs/shoot/B14F0E57.mp4,shoot
/home/feem/Surrey/AML/aml_coursework/video_outputs/shoot/72906CAE.mp4,shoot
/home/feem/Surrey/AML/aml_coursework/video_outputs/shoot/979E18DC.mp4,shoot
/home/feem/Surrey/AML/aml_coursework/video_outputs/shoot/02252430.mp4,shoot
/home/feem/Surrey/AML/aml_coursework/video_outputs/shoot/0D1CFB09.mp4,shoot
/home/feem/Surrey/AML/aml_coursework/video_outputs/shoot/75A9A060.mp4,shoot
/home/feem/Surrey/AML/aml_coursework/video_outputs/shoot/E77B56DE.mp4,shoot
/home/feem/Surrey/AML/aml_coursework/video_outputs/shoot/850FD904.mp4,shoot
/home/feem/Surrey/AML/aml_coursework/video_outputs/shoot/901E58D2.mp4,shoot
/home/feem/Surrey/AML/aml_coursework/video_outputs/shoot/0202203C.mp4,shoot
/home/feem/Surrey/AML/aml_coursework/video_outputs/shoot/6AA498B5.mp4,shoot
/home/feem/Surrey/AML/aml_coursework/video_outputs/shoot/D57FDEFF.mp4,shoot
/home/feem/Surrey/AML/aml_coursework/video_outputs/shoot/A64C07B0.mp4,shoot
/home/feem/Surrey/AML/aml_coursework/video_outputs/shoot/F6BDF2E2.mp4,shoot
/home/feem/Surrey/AML/aml_coursework/video_outputs/shoot/0AFEE001.mp4,shoot
/home/feem/Surrey/AML/aml_coursework/video_outputs/shoot/3202C15A.mp4,shoot
/home/feem/Surrey/AML/aml_coursework/video_outputs/shoot/F7EC5DE5.mp4,shoot
/home/feem/Surrey/AML/aml_coursework/video_outputs/shoot/AF480972.mp4,shoot
/home/feem/Surrey/AML/aml_coursework/video_outputs/shoot/3C7C8B31.mp4,shoot
/home/feem/Surrey/AML/aml_coursework/video_outputs/shoot/0AFC70F4.mp4,shoot
/home/feem/Surrey/AML/aml_coursework/video_outputs/shoot/A63E46EE.mp4,shoot
/home/feem/Surrey/AML/aml_coursework/video_outputs/shoot/A8851C0D.mp4,shoot
/home/feem/Surrey/AML/aml_coursework/video_outputs/shoot/C43BA064.mp4,shoot
/home/feem/Surrey/AML/aml_coursework/video_outputs/shoot/9D7B1B0A.mp4,shoot
/home/feem/Surrey/AML/aml_coursework/video_outputs/shoot/4A6D4B49.mp4,shoot
/home/feem/Surrey/AML/aml_coursework/video_outputs/shoot/16322E75.mp4,shoot
/home/feem/Surrey/AML/aml_coursework/video_outputs/shoot/7EF11156.mp4,shoot
/home/feem/Surrey/AML/aml_coursework/video_outputs/shoot/4A338D3B.mp4,shoot
/home/feem/Surrey/AML/aml_coursework/video_outputs/pushup/E902012C.mp4,pushup
/home/feem/Surrey/AML/aml_coursework/video_outputs/pushup/520F9B86.mp4,pushup
/home/feem/Surrey/AML/aml_coursework/video_outputs/pushup/C8CD3F35.mp4,pushup
/home/feem/Surrey/AML/aml_coursework/video_outputs/pushup/1CD59967.mp4,pushup
/home/feem/Surrey/AML/aml_coursework/video_outputs/pushup/6F12C3F9.mp4,pushup
/home/feem/Surrey/AML/aml_coursework/video_outputs/pushup/129A9C2C.mp4,pushup
/home/feem/Surrey/AML/aml_coursework/video_outputs/pushup/19789D4D.mp4,pushup
/home/feem/Surrey/AML/aml_coursework/video_outputs/pushup/3865631B.mp4,pushup
/home/feem/Surrey/AML/aml_coursework/video_outputs/pushup/1BFA697E.mp4,pushup
/home/feem/Surrey/AML/aml_coursework/video_outputs/pushup/3C727EE8.mp4,pushup
/home/feem/Surrey/AML/aml_coursework/video_outputs/pushup/6AA2CB7E.mp4,pushup
/home/feem/Surrey/AML/aml_coursework/video_outputs/pushup/41D02C49.mp4,pushup
/home/feem/Surrey/AML/aml_coursework/video_outputs/pushup/7FC83973.mp4,pushup
/home/feem/Surrey/AML/aml_coursework/video_outputs/pushup/DAAD063C.mp4,pushup
/home/feem/Surrey/AML/aml_coursework/video_outputs/pushup/4C984525.mp4,pushup
/home/feem/Surrey/AML/aml_coursework/video_outputs/pushup/FF7D3A8B.mp4,pushup
/home/feem/Surrey/AML/aml_coursework/video_outputs/pushup/DAFE90A4.mp4,pushup
/home/feem/Surrey/AML/aml_coursework/video_outputs/pushup/03FC611A.mp4,pushup
/home/feem/Surrey/AML/aml_coursework/video_outputs/pushup/343AE2C8.mp4,pushup
/home/feem/Surrey/AML/aml_coursework/video_outputs/pushup/0E94B88D.mp4,pushup
/home/feem/Surrey/AML/aml_coursework/video_outputs/pushup/6D1813A2.mp4,pushup
/home/feem/Surrey/AML/aml_coursework/video_outputs/pushup/4EAF5E59.mp4,pushup
/home/feem/Surrey/AML/aml_coursework/video_outputs/pushup/855E46BA.mp4,pushup
/home/feem/Surrey/AML/aml_coursework/video_outputs/pushup/29B9CE5E.mp4,pushup
/home/feem/Surrey/AML/aml_coursework/video_outputs/pushup/A5D931BE.mp4,pushup
/home/feem/Surrey/AML/aml_coursework/video_outputs/pushup/3A75F47A.mp4,pushup
/home/feem/Surrey/AML/aml_coursework/video_outputs/pushup/6DAEDFFB.mp4,pushup
/home/feem/Surrey/AML/aml_coursework/video_outputs/pushup/C06E758C.mp4,pushup
/home/feem/Surrey/AML/aml_coursework/video_outputs/pushup/FEAF23FF.mp4,pushup
/home/feem/Surrey/AML/aml_coursework/video_outputs/pushup/E3AFE277.mp4,pushup
/home/feem/Surrey/AML/aml_coursework/video_outputs/pushup/75AE40A2.mp4,pushup
/home/feem/Surrey/AML/aml_coursework/video_outputs/pushup/1040F92C.mp4,pushup
/home/feem/Surrey/AML/aml_coursework/video_outputs/pushup/526448C7.mp4,pushup
/home/feem/Surrey/AML/aml_coursework/video_outputs/pushup/7745389F.mp4,pushup
/home/feem/Surrey/AML/aml_coursework/video_outputs/pushup/1A693E00.mp4,pushup
/home/feem/Surrey/AML/aml_coursework/video_outputs/pushup/C2242C37.mp4,pushup
/home/feem/Surrey/AML/aml_coursework/video_outputs/pushup/C7ED5717.mp4,pushup
/home/feem/Surrey/AML/aml_coursework/video_outputs/pushup/13DAECCE.mp4,pushup
/home/feem/Surrey/AML/aml_coursework/video_outputs/pushup/11C6B4B3.mp4,pushup
/home/feem/Surrey/AML/aml_coursework/video_outputs/pushup/5A789EB2.mp4,pushup
/home/feem/Surrey/AML/aml_coursework/video_outputs/pushup/46CD7004.mp4,pushup
/home/feem/Surrey/AML/aml_coursework/video_outputs/pushup/85484337.mp4,pushup
/home/feem/Surrey/AML/aml_coursework/video_outputs/pushup/BBFE115B.mp4,pushup
/home/feem/Surrey/AML/aml_coursework/video_outputs/pushup/7F0CE782.mp4,pushup
/home/feem/Surrey/AML/aml_coursework/video_outputs/pushup/EA3BF2F9.mp4,pushup
/home/feem/Surrey/AML/aml_coursework/video_outputs/pushup/2BF7305D.mp4,pushup
/home/feem/Surrey/AML/aml_coursework/video_outputs/pushup/2EF6A72E.mp4,pushup
/home/feem/Surrey/AML/aml_coursework/video_outputs/pushup/5A78F7B5.mp4,pushup
/home/feem/Surrey/AML/aml_coursework/video_outputs/pushup/4C621AC6.mp4,pushup
/home/feem/Surrey/AML/aml_coursework/video_outputs/pushup/E84F915B.mp4,pushup
/home/feem/Surrey/AML/aml_coursework/video_outputs/chew/7AB38AFF.mp4,chew
/home/feem/Surrey/AML/aml_coursework/video_outputs/chew/477B740A.mp4,chew
/home/feem/Surrey/AML/aml_coursework/video_outputs/chew/4C924B1F.mp4,chew
/home/feem/Surrey/AML/aml_coursework/video_outputs/chew/E0B7DBE4.mp4,chew
/home/feem/Surrey/AML/aml_coursework/video_outputs/chew/BE824589.mp4,chew
/home/feem/Surrey/AML/aml_coursework/video_outputs/chew/3BBCFD59.mp4,chew
/home/feem/Surrey/AML/aml_coursework/video_outputs/chew/890B1AA0.mp4,chew
/home/feem/Surrey/AML/aml_coursework/video_outputs/chew/DB80D8F7.mp4,chew
/home/feem/Surrey/AML/aml_coursework/video_outputs/chew/765FD0A0.mp4,chew
/home/feem/Surrey/AML/aml_coursework/video_outputs/chew/A3B2B85F.mp4,chew
/home/feem/Surrey/AML/aml_coursework/video_outputs/chew/E31775FF.mp4,chew
/home/feem/Surrey/AML/aml_coursework/video_outputs/chew/8F4ABA6B.mp4,chew
/home/feem/Surrey/AML/aml_coursework/video_outputs/chew/4601568D.mp4,chew
/home/feem/Surrey/AML/aml_coursework/video_outputs/chew/78CF62C5.mp4,chew
/home/feem/Surrey/AML/aml_coursework/video_outputs/chew/B7F29879.mp4,chew
/home/feem/Surrey/AML/aml_coursework/video_outputs/chew/65206328.mp4,chew
/home/feem/Surrey/AML/aml_coursework/video_outputs/chew/B6ED74F7.mp4,chew
/home/feem/Surrey/AML/aml_coursework/video_outputs/chew/B7F76B79.mp4,chew
/home/feem/Surrey/AML/aml_coursework/video_outputs/chew/CF9B5D36.mp4,chew
/home/feem/Surrey/AML/aml_coursework/video_outputs/chew/B75CB0BF.mp4,chew
/home/feem/Surrey/AML/aml_coursework/video_outputs/chew/4204DA67.mp4,chew
/home/feem/Surrey/AML/aml_coursework/video_outputs/chew/5862A5D3.mp4,chew
/home/feem/Surrey/AML/aml_coursework/video_outputs/chew/A5611415.mp4,chew
/home/feem/Surrey/AML/aml_coursework/video_outputs/chew/4E0CBF37.mp4,chew
/home/feem/Surrey/AML/aml_coursework/video_outputs/chew/80A38877.mp4,chew
/home/feem/Surrey/AML/aml_coursework/video_outputs/chew/F198C4AC.mp4,chew
/home/feem/Surrey/AML/aml_coursework/video_outputs/chew/E0C9EC47.mp4,chew
/home/feem/Surrey/AML/aml_coursework/video_outputs/chew/E24D5D14.mp4,chew
/home/feem/Surrey/AML/aml_coursework/video_outputs/chew/8E665169.mp4,chew
/home/feem/Surrey/AML/aml_coursework/video_outputs/chew/2007D544.mp4,chew
/home/feem/Surrey/AML/aml_coursework/video_outputs/chew/B6B85BE8.mp4,chew
/home/feem/Surrey/AML/aml_coursework/video_outputs/chew/90498045.mp4,chew
/home/feem/Surrey/AML/aml_coursework/video_outputs/chew/A5AEA5B0.mp4,chew
/home/feem/Surrey/AML/aml_coursework/video_outputs/chew/6D4E1CA8.mp4,chew
/home/feem/Surrey/AML/aml_coursework/video_outputs/chew/25FC898C.mp4,chew
/home/feem/Surrey/AML/aml_coursework/video_outputs/chew/65262E2C.mp4,chew
/home/feem/Surrey/AML/aml_coursework/video_outputs/chew/FE70DF36.mp4,chew
/home/feem/Surrey/AML/aml_coursework/video_outputs/chew/B60701AC.mp4,chew
/home/feem/Surrey/AML/aml_coursework/video_outputs/chew/1422C8BB.mp4,chew
/home/feem/Surrey/AML/aml_coursework/video_outputs/chew/26633B53.mp4,chew
/home/feem/Surrey/AML/aml_coursework/video_outputs/chew/3A66BB3A.mp4,chew
/home/feem/Surrey/AML/aml_coursework/video_outputs/chew/33B7CE52.mp4,chew
/home/feem/Surrey/AML/aml_coursework/video_outputs/chew/4FC4DB91.mp4,chew
/home/feem/Surrey/AML/aml_coursework/video_outputs/chew/B790BC11.mp4,chew
/home/feem/Surrey/AML/aml_coursework/video_outputs/chew/DDD64EAE.mp4,chew
/home/feem/Surrey/AML/aml_coursework/video_outputs/chew/5246C273.mp4,chew
/home/feem/Surrey/AML/aml_coursework/video_outputs/chew/0E8E02CF.mp4,chew
/home/feem/Surrey/AML/aml_coursework/video_outputs/chew/D7D1332E.mp4,chew
/home/feem/Surrey/AML/aml_coursework/video_outputs/chew/AB68B6FF.mp4,chew
/home/feem/Surrey/AML/aml_coursework/video_outputs/chew/63B7102F.mp4,chew
/home/feem/Surrey/AML/aml_coursework/video_outputs/golf/707ADD73.mp4,golf
/home/feem/Surrey/AML/aml_coursework/video_outputs/golf/69A71E1F.mp4,golf
/home/feem/Surrey/AML/aml_coursework/video_outputs/golf/EFF39595.mp4,golf
/home/feem/Surrey/AML/aml_coursework/video_outputs/golf/65707BEB.mp4,golf
/home/feem/Surrey/AML/aml_coursework/video_outputs/golf/3F6A394F.mp4,golf
/home/feem/Surrey/AML/aml_coursework/video_outputs/golf/13901A54.mp4,golf
/home/feem/Surrey/AML/aml_coursework/video_outputs/golf/6AD20852.mp4,golf
/home/feem/Surrey/AML/aml_coursework/video_outputs/golf/779F88DF.mp4,golf
/home/feem/Surrey/AML/aml_coursework/video_outputs/golf/11D53158.mp4,golf
/home/feem/Surrey/AML/aml_coursework/video_outputs/golf/CDB0C6F0.mp4,golf
/home/feem/Surrey/AML/aml_coursework/video_outputs/golf/878FB78B.mp4,golf
/home/feem/Surrey/AML/aml_coursework/video_outputs/golf/3188A557.mp4,golf
/home/feem/Surrey/AML/aml_coursework/video_outputs/golf/BAFC7BA0.mp4,golf
/home/feem/Surrey/AML/aml_coursework/video_outputs/golf/058DE9B7.mp4,golf
/home/feem/Surrey/AML/aml_coursework/video_outputs/golf/CDCAE8FA.mp4,golf
/home/feem/Surrey/AML/aml_coursework/video_outputs/golf/36332330.mp4,golf
/home/feem/Surrey/AML/aml_coursework/video_outputs/golf/13874F38.mp4,golf
/home/feem/Surrey/AML/aml_coursework/video_outputs/golf/A416C9F9.mp4,golf
/home/feem/Surrey/AML/aml_coursework/video_outputs/golf/5AAAA023.mp4,golf
/home/feem/Surrey/AML/aml_coursework/video_outputs/golf/E67942C9.mp4,golf
/home/feem/Surrey/AML/aml_coursework/video_outputs/golf/496E9253.mp4,golf
/home/feem/Surrey/AML/aml_coursework/video_outputs/golf/D21D0976.mp4,golf
/home/feem/Surrey/AML/aml_coursework/video_outputs/golf/2259BAFB.mp4,golf
/home/feem/Surrey/AML/aml_coursework/video_outputs/golf/C9352C4C.mp4,golf
/home/feem/Surrey/AML/aml_coursework/video_outputs/golf/92433851.mp4,golf
/home/feem/Surrey/AML/aml_coursework/video_outputs/golf/05AA4C92.mp4,golf
/home/feem/Surrey/AML/aml_coursework/video_outputs/golf/16FB0619.mp4,golf
/home/feem/Surrey/AML/aml_coursework/video_outputs/golf/243498C7.mp4,golf
/home/feem/Surrey/AML/aml_coursework/video_outputs/golf/DD94856A.mp4,golf
/home/feem/Surrey/AML/aml_coursework/video_outputs/golf/E1F9B73B.mp4,golf
/home/feem/Surrey/AML/aml_coursework/video_outputs/golf/0953056C.mp4,golf
/home/feem/Surrey/AML/aml_coursework/video_outputs/golf/90CEB194.mp4,golf
/home/feem/Surrey/AML/aml_coursework/video_outputs/golf/E8AEBC84.mp4,golf
/home/feem/Surrey/AML/aml_coursework/video_outputs/golf/D359BF0D.mp4,golf
/home/feem/Surrey/AML/aml_coursework/video_outputs/golf/61B43FC9.mp4,golf
/home/feem/Surrey/AML/aml_coursework/video_outputs/golf/A55324DC.mp4,golf
/home/feem/Surrey/AML/aml_coursework/video_outputs/golf/A5A331F9.mp4,golf
/home/feem/Surrey/AML/aml_coursework/video_outputs/golf/A8D70F69.mp4,golf
/home/feem/Surrey/AML/aml_coursework/video_outputs/golf/B396585D.mp4,golf
/home/feem/Surrey/AML/aml_coursework/video_outputs/golf/84B7B9E6.mp4,golf
/home/feem/Surrey/AML/aml_coursework/video_outputs/golf/F29C0D39.mp4,golf
/home/feem/Surrey/AML/aml_coursework/video_outputs/golf/64F806F6.mp4,golf
/home/feem/Surrey/AML/aml_coursework/video_outputs/golf/4E4CAEA6.mp4,golf
/home/feem/Surrey/AML/aml_coursework/video_outputs/golf/B1FF4F51.mp4,golf
/home/feem/Surrey/AML/aml_coursework/video_outputs/golf/D20D0A16.mp4,golf
/home/feem/Surrey/AML/aml_coursework/video_outputs/golf/DABBB6CB.mp4,golf
/home/feem/Surrey/AML/aml_coursework/video_outputs/golf/F88DDC48.mp4,golf
/home/feem/Surrey/AML/aml_coursework/video_outputs/golf/42B710F6.mp4,golf
/home/feem/Surrey/AML/aml_coursework/video_outputs/golf/E7B7AD02.mp4,golf
/home/feem/Surrey/AML/aml_coursework/video_outputs/golf/1AD5CB03.mp4,golf
/home/feem/Surrey/AML/aml_coursework/video_outputs/handstand/3D9FFEAA.mp4,handstand
/home/feem/Surrey/AML/aml_coursework/video_outputs/handstand/9F61FD2F.mp4,handstand
/home/feem/Surrey/AML/aml_coursework/video_outputs/handstand/47309215.mp4,handstand
/home/feem/Surrey/AML/aml_coursework/video_outputs/handstand/E5B32EF8.mp4,handstand
/home/feem/Surrey/AML/aml_coursework/video_outputs/handstand/6EA0339B.mp4,handstand
/home/feem/Surrey/AML/aml_coursework/video_outputs/handstand/7C2AC185.mp4,handstand
/home/feem/Surrey/AML/aml_coursework/video_outputs/handstand/99524673.mp4,handstand
/home/feem/Surrey/AML/aml_coursework/video_outputs/handstand/0894681E.mp4,handstand
/home/feem/Surrey/AML/aml_coursework/video_outputs/handstand/1B619602.mp4,handstand
/home/feem/Surrey/AML/aml_coursework/video_outputs/handstand/A344A0B6.mp4,handstand
/home/feem/Surrey/AML/aml_coursework/video_outputs/handstand/38E8329A.mp4,handstand
/home/feem/Surrey/AML/aml_coursework/video_outputs/handstand/C5302993.mp4,handstand
/home/feem/Surrey/AML/aml_coursework/video_outputs/handstand/3A09EA87.mp4,handstand
/home/feem/Surrey/AML/aml_coursework/video_outputs/handstand/1AF22A7F.mp4,handstand
/home/feem/Surrey/AML/aml_coursework/video_outputs/handstand/F3EF24EB.mp4,handstand
/home/feem/Surrey/AML/aml_coursework/video_outputs/handstand/46441FF4.mp4,handstand
/home/feem/Surrey/AML/aml_coursework/video_outputs/handstand/2DEEC90A.mp4,handstand
/home/feem/Surrey/AML/aml_coursework/video_outputs/handstand/98E235AE.mp4,handstand
/home/feem/Surrey/AML/aml_coursework/video_outputs/handstand/10A4D79C.mp4,handstand
/home/feem/Surrey/AML/aml_coursework/video_outputs/handstand/D81EDD83.mp4,handstand
/home/feem/Surrey/AML/aml_coursework/video_outputs/handstand/B7983E7A.mp4,handstand
/home/feem/Surrey/AML/aml_coursework/video_outputs/handstand/14DE11A9.mp4,handstand
/home/feem/Surrey/AML/aml_coursework/video_outputs/handstand/269805F5.mp4,handstand
/home/feem/Surrey/AML/aml_coursework/video_outputs/handstand/36D63F0B.mp4,handstand
/home/feem/Surrey/AML/aml_coursework/video_outputs/handstand/9FC7856C.mp4,handstand
/home/feem/Surrey/AML/aml_coursework/video_outputs/handstand/7FA4A810.mp4,handstand
/home/feem/Surrey/AML/aml_coursework/video_outputs/handstand/9B9A8BDE.mp4,handstand
/home/feem/Surrey/AML/aml_coursework/video_outputs/handstand/DB322883.mp4,handstand
/home/feem/Surrey/AML/aml_coursework/video_outputs/handstand/B7A33508.mp4,handstand
/home/feem/Surrey/AML/aml_coursework/video_outputs/handstand/C66E120F.mp4,handstand
/home/feem/Surrey/AML/aml_coursework/video_outputs/handstand/0AE9656E.mp4,handstand
/home/feem/Surrey/AML/aml_coursework/video_outputs/handstand/6510A9FF.mp4,handstand
/home/feem/Surrey/AML/aml_coursework/video_outputs/handstand/89A4AE8B.mp4,handstand
/home/feem/Surrey/AML/aml_coursework/video_outputs/handstand/B7386376.mp4,handstand
/home/feem/Surrey/AML/aml_coursework/video_outputs/handstand/41961190.mp4,handstand
/home/feem/Surrey/AML/aml_coursework/video_outputs/handstand/12353461.mp4,handstand
/home/feem/Surrey/AML/aml_coursework/video_outputs/handstand/95B36278.mp4,handstand
/home/feem/Surrey/AML/aml_coursework/video_outputs/handstand/83AD1430.mp4,handstand
/home/feem/Surrey/AML/aml_coursework/video_outputs/handstand/2D3E0BB9.mp4,handstand
/home/feem/Surrey/AML/aml_coursework/video_outputs/handstand/302B937B.mp4,handstand
/home/feem/Surrey/AML/aml_coursework/video_outputs/handstand/8714F58D.mp4,handstand
/home/feem/Surrey/AML/aml_coursework/video_outputs/handstand/41438375.mp4,handstand
/home/feem/Surrey/AML/aml_coursework/video_outputs/handstand/034498B6.mp4,handstand
/home/feem/Surrey/AML/aml_coursework/video_outputs/handstand/AA994B6C.mp4,handstand
/home/feem/Surrey/AML/aml_coursework/video_outputs/handstand/24FF8E48.mp4,handstand
/home/feem/Surrey/AML/aml_coursework/video_outputs/handstand/F333EF56.mp4,handstand
/home/feem/Surrey/AML/aml_coursework/video_outputs/handstand/FB5C7E46.mp4,handstand
/home/feem/Surrey/AML/aml_coursework/video_outputs/handstand/E9F2F980.mp4,handstand
/home/feem/Surrey/AML/aml_coursework/video_outputs/handstand/3613DA58.mp4,handstand
/home/feem/Surrey/AML/aml_coursework/video_outputs/handstand/60CB374C.mp4,handstand
/home/feem/Surrey/AML/aml_coursework/video_outputs/throw/98C321B3.mp4,throw
/home/feem/Surrey/AML/aml_coursework/video_outputs/throw/6260760A.mp4,throw
/home/feem/Surrey/AML/aml_coursework/video_outputs/throw/F9C85EF2.mp4,throw
/home/feem/Surrey/AML/aml_coursework/video_outputs/throw/C1095B84.mp4,throw
/home/feem/Surrey/AML/aml_coursework/video_outputs/throw/C3079CFF.mp4,throw
/home/feem/Surrey/AML/aml_coursework/video_outputs/throw/A2B51CEA.mp4,throw
/home/feem/Surrey/AML/aml_coursework/video_outputs/throw/58AE34C7.mp4,throw
/home/feem/Surrey/AML/aml_coursework/video_outputs/throw/A1C36300.mp4,throw
/home/feem/Surrey/AML/aml_coursework/video_outputs/throw/F6094ADA.mp4,throw
/home/feem/Surrey/AML/aml_coursework/video_outputs/throw/557E7BFA.mp4,throw
/home/feem/Surrey/AML/aml_coursework/video_outputs/throw/4F65861B.mp4,throw
/home/feem/Surrey/AML/aml_coursework/video_outputs/throw/0BEF3181.mp4,throw
/home/feem/Surrey/AML/aml_coursework/video_outputs/throw/FEBBDDDA.mp4,throw
/home/feem/Surrey/AML/aml_coursework/video_outputs/throw/B0000DAA.mp4,throw
/home/feem/Surrey/AML/aml_coursework/video_outputs/throw/E154B866.mp4,throw
/home/feem/Surrey/AML/aml_coursework/video_outputs/throw/64EB50A4.mp4,throw
/home/feem/Surrey/AML/aml_coursework/video_outputs/throw/CE659531.mp4,throw
/home/feem/Surrey/AML/aml_coursework/video_outputs/throw/D1FDF0EF.mp4,throw
/home/feem/Surrey/AML/aml_coursework/video_outputs/throw/97AB7A9D.mp4,throw
/home/feem/Surrey/AML/aml_coursework/video_outputs/throw/5C6BF71D.mp4,throw
/home/feem/Surrey/AML/aml_coursework/video_outputs/throw/29D3EE12.mp4,throw
/home/feem/Surrey/AML/aml_coursework/video_outputs/throw/59E39475.mp4,throw
/home/feem/Surrey/AML/aml_coursework/video_outputs/throw/3A950109.mp4,throw
/home/feem/Surrey/AML/aml_coursework/video_outputs/throw/EC6388EB.mp4,throw
/home/feem/Surrey/AML/aml_coursework/video_outputs/throw/D84408E6.mp4,throw
/home/feem/Surrey/AML/aml_coursework/video_outputs/throw/B20C36A4.mp4,throw
/home/feem/Surrey/AML/aml_coursework/video_outputs/throw/752FFF0F.mp4,throw
/home/feem/Surrey/AML/aml_coursework/video_outputs/throw/7E9C5848.mp4,throw
/home/feem/Surrey/AML/aml_coursework/video_outputs/throw/7E28A213.mp4,throw
/home/feem/Surrey/AML/aml_coursework/video_outputs/throw/13C9E72F.mp4,throw
/home/feem/Surrey/AML/aml_coursework/video_outputs/throw/33D7F549.mp4,throw
/home/feem/Surrey/AML/aml_coursework/video_outputs/throw/926E67E0.mp4,throw
/home/feem/Surrey/AML/aml_coursework/video_outputs/throw/AF8D1851.mp4,throw
/home/feem/Surrey/AML/aml_coursework/video_outputs/throw/8079A788.mp4,throw
/home/feem/Surrey/AML/aml_coursework/video_outputs/throw/FEC2FF2E.mp4,throw
/home/feem/Surrey/AML/aml_coursework/video_outputs/throw/7999D475.mp4,throw
/home/feem/Surrey/AML/aml_coursework/video_outputs/throw/858AE257.mp4,throw
/home/feem/Surrey/AML/aml_coursework/video_outputs/throw/CED8457D.mp4,throw
/home/feem/Surrey/AML/aml_coursework/video_outputs/throw/E7520FF6.mp4,throw
/home/feem/Surrey/AML/aml_coursework/video_outputs/throw/30E27013.mp4,throw
/home/feem/Surrey/AML/aml_coursework/video_outputs/throw/59E33C2E.mp4,throw
/home/feem/Surrey/AML/aml_coursework/video_outputs/throw/B4ACD2B6.mp4,throw
/home/feem/Surrey/AML/aml_coursework/video_outputs/throw/B0DABF01.mp4,throw
/home/feem/Surrey/AML/aml_coursework/video_outputs/throw/3B28662C.mp4,throw
/home/feem/Surrey/AML/aml_coursework/video_outputs/throw/EF8D4F24.mp4,throw
/home/feem/Surrey/AML/aml_coursework/video_outputs/throw/3FEF3451.mp4,throw
/home/feem/Surrey/AML/aml_coursework/video_outputs/throw/B2126F3C.mp4,throw
/home/feem/Surrey/AML/aml_coursework/video_outputs/throw/63C2D3A5.mp4,throw
/home/feem/Surrey/AML/aml_coursework/video_outputs/throw/C2C09385.mp4,throw
/home/feem/Surrey/AML/aml_coursework/video_outputs/throw/E7C125BA.mp4,throw
/home/feem/Surrey/AML/aml_coursework/video_outputs/ride/ADDC376E.mp4,ride
/home/feem/Surrey/AML/aml_coursework/video_outputs/ride/131D6540.mp4,ride
/home/feem/Surrey/AML/aml_coursework/video_outputs/ride/48568D30.mp4,ride
/home/feem/Surrey/AML/aml_coursework/video_outputs/ride/DC2ECCE6.mp4,ride
/home/feem/Surrey/AML/aml_coursework/video_outputs/ride/F20B6599.mp4,ride
/home/feem/Surrey/AML/aml_coursework/video_outputs/ride/1C60D4ED.mp4,ride
/home/feem/Surrey/AML/aml_coursework/video_outputs/ride/EB0E3F1C.mp4,ride
/home/feem/Surrey/AML/aml_coursework/video_outputs/ride/7FDA6503.mp4,ride
/home/feem/Surrey/AML/aml_coursework/video_outputs/ride/8CB9E646.mp4,ride
/home/feem/Surrey/AML/aml_coursework/video_outputs/ride/E2F967F7.mp4,ride
/home/feem/Surrey/AML/aml_coursework/video_outputs/ride/3375819C.mp4,ride
/home/feem/Surrey/AML/aml_coursework/video_outputs/ride/30CF7822.mp4,ride
/home/feem/Surrey/AML/aml_coursework/video_outputs/ride/B376EB72.mp4,ride
/home/feem/Surrey/AML/aml_coursework/video_outputs/ride/79566E9D.mp4,ride
/home/feem/Surrey/AML/aml_coursework/video_outputs/ride/3EA6F2EC.mp4,ride
/home/feem/Surrey/AML/aml_coursework/video_outputs/ride/E8F5986C.mp4,ride
/home/feem/Surrey/AML/aml_coursework/video_outputs/ride/06698FE0.mp4,ride
/home/feem/Surrey/AML/aml_coursework/video_outputs/ride/CDB10F68.mp4,ride
/home/feem/Surrey/AML/aml_coursework/video_outputs/ride/DFC8D6E6.mp4,ride
/home/feem/Surrey/AML/aml_coursework/video_outputs/ride/1F13FCF0.mp4,ride
/home/feem/Surrey/AML/aml_coursework/video_outputs/ride/C7F5294E.mp4,ride
/home/feem/Surrey/AML/aml_coursework/video_outputs/ride/18E543F1.mp4,ride
/home/feem/Surrey/AML/aml_coursework/video_outputs/ride/BA741E98.mp4,ride
/home/feem/Surrey/AML/aml_coursework/video_outputs/ride/38381B49.mp4,ride
/home/feem/Surrey/AML/aml_coursework/video_outputs/ride/178BD3E3.mp4,ride
/home/feem/Surrey/AML/aml_coursework/video_outputs/ride/48CF8762.mp4,ride
/home/feem/Surrey/AML/aml_coursework/video_outputs/ride/EFC3CC58.mp4,ride
/home/feem/Surrey/AML/aml_coursework/video_outputs/ride/9C811FFA.mp4,ride
/home/feem/Surrey/AML/aml_coursework/video_outputs/ride/CD6397C9.mp4,ride
/home/feem/Surrey/AML/aml_coursework/video_outputs/ride/3BEA4CF5.mp4,ride
/home/feem/Surrey/AML/aml_coursework/video_outputs/ride/E01B68B9.mp4,ride
/home/feem/Surrey/AML/aml_coursework/video_outputs/ride/531B921F.mp4,ride
/home/feem/Surrey/AML/aml_coursework/video_outputs/ride/2E55DBCD.mp4,ride
/home/feem/Surrey/AML/aml_coursework/video_outputs/ride/D2C2B3ED.mp4,ride
/home/feem/Surrey/AML/aml_coursework/video_outputs/ride/C0BC2937.mp4,ride
/home/feem/Surrey/AML/aml_coursework/video_outputs/ride/9B668EF9.mp4,ride
/home/feem/Surrey/AML/aml_coursework/video_outputs/ride/A06B62B0.mp4,ride
/home/feem/Surrey/AML/aml_coursework/video_outputs/ride/325E4F6F.mp4,ride
/home/feem/Surrey/AML/aml_coursework/video_outputs/ride/D370939A.mp4,ride
/home/feem/Surrey/AML/aml_coursework/video_outputs/ride/94FD2097.mp4,ride
/home/feem/Surrey/AML/aml_coursework/video_outputs/ride/5A7929C2.mp4,ride
/home/feem/Surrey/AML/aml_coursework/video_outputs/ride/E4464833.mp4,ride
/home/feem/Surrey/AML/aml_coursework/video_outputs/ride/1AD91193.mp4,ride
/home/feem/Surrey/AML/aml_coursework/video_outputs/ride/B6375D58.mp4,ride
/home/feem/Surrey/AML/aml_coursework/video_outputs/ride/4755E772.mp4,ride
/home/feem/Surrey/AML/aml_coursework/video_outputs/ride/9B0ACD34.mp4,ride
/home/feem/Surrey/AML/aml_coursework/video_outputs/ride/ACEE91DD.mp4,ride
/home/feem/Surrey/AML/aml_coursework/video_outputs/ride/F92ACBCB.mp4,ride
/home/feem/Surrey/AML/aml_coursework/video_outputs/ride/9098FDC8.mp4,ride
/home/feem/Surrey/AML/aml_coursework/video_outputs/ride/09EC3E36.mp4,ride
/home/feem/Surrey/AML/aml_coursework/video_outputs/catch/85438CA2.mp4,catch
/home/feem/Surrey/AML/aml_coursework/video_outputs/catch/019819D3.mp4,catch
/home/feem/Surrey/AML/aml_coursework/video_outputs/catch/2FB641F2.mp4,catch
/home/feem/Surrey/AML/aml_coursework/video_outputs/catch/F64197EB.mp4,catch
/home/feem/Surrey/AML/aml_coursework/video_outputs/catch/F726186C.mp4,catch
/home/feem/Surrey/AML/aml_coursework/video_outputs/catch/D0448A88.mp4,catch
/home/feem/Surrey/AML/aml_coursework/video_outputs/catch/E28A4B82.mp4,catch
/home/feem/Surrey/AML/aml_coursework/video_outputs/catch/A002C494.mp4,catch
/home/feem/Surrey/AML/aml_coursework/video_outputs/catch/2AC8F9B0.mp4,catch
/home/feem/Surrey/AML/aml_coursework/video_outputs/catch/486A7ECB.mp4,catch
/home/feem/Surrey/AML/aml_coursework/video_outputs/catch/3628A24E.mp4,catch
/home/feem/Surrey/AML/aml_coursework/video_outputs/catch/924D9ECD.mp4,catch
/home/feem/Surrey/AML/aml_coursework/video_outputs/catch/36CDD15C.mp4,catch
/home/feem/Surrey/AML/aml_coursework/video_outputs/catch/0575362A.mp4,catch
/home/feem/Surrey/AML/aml_coursework/video_outputs/catch/317FBBA3.mp4,catch
/home/feem/Surrey/AML/aml_coursework/video_outputs/catch/50339C2C.mp4,catch
/home/feem/Surrey/AML/aml_coursework/video_outputs/catch/C88C1CEB.mp4,catch
/home/feem/Surrey/AML/aml_coursework/video_outputs/catch/F7D48CC7.mp4,catch
/home/feem/Surrey/AML/aml_coursework/video_outputs/catch/0B6BE0B4.mp4,catch
/home/feem/Surrey/AML/aml_coursework/video_outputs/catch/CF0EF147.mp4,catch
/home/feem/Surrey/AML/aml_coursework/video_outputs/catch/5A11A35B.mp4,catch
/home/feem/Surrey/AML/aml_coursework/video_outputs/catch/1B420CC6.mp4,catch
/home/feem/Surrey/AML/aml_coursework/video_outputs/catch/9D7AFAFB.mp4,catch
/home/feem/Surrey/AML/aml_coursework/video_outputs/catch/EF00F95E.mp4,catch
/home/feem/Surrey/AML/aml_coursework/video_outputs/catch/5BB24F85.mp4,catch
/home/feem/Surrey/AML/aml_coursework/video_outputs/catch/46129A2A.mp4,catch
/home/feem/Surrey/AML/aml_coursework/video_outputs/catch/92F2EBD8.mp4,catch
/home/feem/Surrey/AML/aml_coursework/video_outputs/catch/02DB0A08.mp4,catch
/home/feem/Surrey/AML/aml_coursework/video_outputs/catch/403A9458.mp4,catch
/home/feem/Surrey/AML/aml_coursework/video_outputs/catch/DE04CC4A.mp4,catch
/home/feem/Surrey/AML/aml_coursework/video_outputs/catch/32B48E72.mp4,catch
/home/feem/Surrey/AML/aml_coursework/video_outputs/catch/277330F8.mp4,catch
/home/feem/Surrey/AML/aml_coursework/video_outputs/catch/BCCC07A7.mp4,catch
/home/feem/Surrey/AML/aml_coursework/video_outputs/catch/90E3B4EC.mp4,catch
/home/feem/Surrey/AML/aml_coursework/video_outputs/catch/008E5934.mp4,catch
/home/feem/Surrey/AML/aml_coursework/video_outputs/catch/ECC1E51A.mp4,catch
/home/feem/Surrey/AML/aml_coursework/video_outputs/catch/E2B43C68.mp4,catch
/home/feem/Surrey/AML/aml_coursework/video_outputs/catch/5A7554B4.mp4,catch
/home/feem/Surrey/AML/aml_coursework/video_outputs/catch/F5E92B4B.mp4,catch
/home/feem/Surrey/AML/aml_coursework/video_outputs/catch/C596F7D3.mp4,catch
/home/feem/Surrey/AML/aml_coursework/video_outputs/catch/12BFC8CA.mp4,catch
/home/feem/Surrey/AML/aml_coursework/video_outputs/catch/D7815628.mp4,catch
/home/feem/Surrey/AML/aml_coursework/video_outputs/catch/BA7AA980.mp4,catch
/home/feem/Surrey/AML/aml_coursework/video_outputs/catch/D66129CE.mp4,catch
/home/feem/Surrey/AML/aml_coursework/video_outputs/catch/6E0D2FF9.mp4,catch
/home/feem/Surrey/AML/aml_coursework/video_outputs/catch/EB2CED0F.mp4,catch
/home/feem/Surrey/AML/aml_coursework/video_outputs/catch/ECD88553.mp4,catch
/home/feem/Surrey/AML/aml_coursework/video_outputs/catch/870BA316.mp4,catch
/home/feem/Surrey/AML/aml_coursework/video_outputs/catch/E90D45EA.mp4,catch
/home/feem/Surrey/AML/aml_coursework/video_outputs/catch/8726DBF9.mp4,catch
/home/feem/Surrey/AML/aml_coursework/video_outputs/cartwheel/68BCC552.mp4,cartwheel
/home/feem/Surrey/AML/aml_coursework/video_outputs/cartwheel/670F8181.mp4,cartwheel
/home/feem/Surrey/AML/aml_coursework/video_outputs/cartwheel/C3DF9C90.mp4,cartwheel
/home/feem/Surrey/AML/aml_coursework/video_outputs/cartwheel/F7623939.mp4,cartwheel
/home/feem/Surrey/AML/aml_coursework/video_outputs/cartwheel/68CFD3DD.mp4,cartwheel
/home/feem/Surrey/AML/aml_coursework/video_outputs/cartwheel/7DD8C0CC.mp4,cartwheel
/home/feem/Surrey/AML/aml_coursework/video_outputs/cartwheel/70AB4127.mp4,cartwheel
/home/feem/Surrey/AML/aml_coursework/video_outputs/cartwheel/A0A7676C.mp4,cartwheel
/home/feem/Surrey/AML/aml_coursework/video_outputs/cartwheel/EFC3F248.mp4,cartwheel
/home/feem/Surrey/AML/aml_coursework/video_outputs/cartwheel/E0258DE3.mp4,cartwheel
/home/feem/Surrey/AML/aml_coursework/video_outputs/cartwheel/51C83117.mp4,cartwheel
/home/feem/Surrey/AML/aml_coursework/video_outputs/cartwheel/02C4D694.mp4,cartwheel
/home/feem/Surrey/AML/aml_coursework/video_outputs/cartwheel/7379723D.mp4,cartwheel
/home/feem/Surrey/AML/aml_coursework/video_outputs/cartwheel/653F2CFC.mp4,cartwheel
/home/feem/Surrey/AML/aml_coursework/video_outputs/cartwheel/65AE4E4F.mp4,cartwheel
/home/feem/Surrey/AML/aml_coursework/video_outputs/cartwheel/B52B22B7.mp4,cartwheel
/home/feem/Surrey/AML/aml_coursework/video_outputs/cartwheel/423B5B21.mp4,cartwheel
/home/feem/Surrey/AML/aml_coursework/video_outputs/cartwheel/4D20D1AE.mp4,cartwheel
/home/feem/Surrey/AML/aml_coursework/video_outputs/cartwheel/A81A72FF.mp4,cartwheel
/home/feem/Surrey/AML/aml_coursework/video_outputs/cartwheel/A6EB8A5E.mp4,cartwheel
/home/feem/Surrey/AML/aml_coursework/video_outputs/cartwheel/8D429452.mp4,cartwheel
/home/feem/Surrey/AML/aml_coursework/video_outputs/cartwheel/41F69CDF.mp4,cartwheel
/home/feem/Surrey/AML/aml_coursework/video_outputs/cartwheel/5ECA129D.mp4,cartwheel
/home/feem/Surrey/AML/aml_coursework/video_outputs/cartwheel/8B619F61.mp4,cartwheel
/home/feem/Surrey/AML/aml_coursework/video_outputs/cartwheel/3CE1FC9C.mp4,cartwheel
/home/feem/Surrey/AML/aml_coursework/video_outputs/cartwheel/3C03D9E1.mp4,cartwheel
/home/feem/Surrey/AML/aml_coursework/video_outputs/cartwheel/9F924302.mp4,cartwheel
/home/feem/Surrey/AML/aml_coursework/video_outputs/cartwheel/AC4BE5E7.mp4,cartwheel
/home/feem/Surrey/AML/aml_coursework/video_outputs/cartwheel/52137630.mp4,cartwheel
/home/feem/Surrey/AML/aml_coursework/video_outputs/cartwheel/CAB922FF.mp4,cartwheel
/home/feem/Surrey/AML/aml_coursework/video_outputs/cartwheel/D70372E6.mp4,cartwheel
/home/feem/Surrey/AML/aml_coursework/video_outputs/cartwheel/51D20E7F.mp4,cartwheel
/home/feem/Surrey/AML/aml_coursework/video_outputs/cartwheel/7EB42E93.mp4,cartwheel
/home/feem/Surrey/AML/aml_coursework/video_outputs/cartwheel/8FDB9DEF.mp4,cartwheel
/home/feem/Surrey/AML/aml_coursework/video_outputs/cartwheel/097BE93E.mp4,cartwheel
/home/feem/Surrey/AML/aml_coursework/video_outputs/cartwheel/18637770.mp4,cartwheel
/home/feem/Surrey/AML/aml_coursework/video_outputs/cartwheel/35E02A9D.mp4,cartwheel
/home/feem/Surrey/AML/aml_coursework/video_outputs/cartwheel/D742CFD9.mp4,cartwheel
/home/feem/Surrey/AML/aml_coursework/video_outputs/cartwheel/65954EBB.mp4,cartwheel
/home/feem/Surrey/AML/aml_coursework/video_outputs/cartwheel/578047F2.mp4,cartwheel
/home/feem/Surrey/AML/aml_coursework/video_outputs/cartwheel/BF49A8AC.mp4,cartwheel
/home/feem/Surrey/AML/aml_coursework/video_outputs/cartwheel/22CA6A90.mp4,cartwheel
/home/feem/Surrey/AML/aml_coursework/video_outputs/cartwheel/53720EE7.mp4,cartwheel
/home/feem/Surrey/AML/aml_coursework/video_outputs/cartwheel/321C4E76.mp4,cartwheel
/home/feem/Surrey/AML/aml_coursework/video_outputs/cartwheel/4778972C.mp4,cartwheel
/home/feem/Surrey/AML/aml_coursework/video_outputs/cartwheel/5814165F.mp4,cartwheel
/home/feem/Surrey/AML/aml_coursework/video_outputs/cartwheel/0BE10925.mp4,cartwheel
/home/feem/Surrey/AML/aml_coursework/video_outputs/cartwheel/F6E07816.mp4,cartwheel
/home/feem/Surrey/AML/aml_coursework/video_outputs/cartwheel/849AA6D2.mp4,cartwheel
/home/feem/Surrey/AML/aml_coursework/video_outputs/cartwheel/EAD45DBC.mp4,cartwheel
/home/feem/Surrey/AML/aml_coursework/video_outputs/pick/4E105648.mp4,pick
/home/feem/Surrey/AML/aml_coursework/video_outputs/pick/CBEDD2B1.mp4,pick
/home/feem/Surrey/AML/aml_coursework/video_outputs/pick/A2C97B5F.mp4,pick
/home/feem/Surrey/AML/aml_coursework/video_outputs/pick/23ED8287.mp4,pick
/home/feem/Surrey/AML/aml_coursework/video_outputs/pick/F37567A4.mp4,pick
/home/feem/Surrey/AML/aml_coursework/video_outputs/pick/0102F8F2.mp4,pick
/home/feem/Surrey/AML/aml_coursework/video_outputs/pick/5E23A0BF.mp4,pick
/home/feem/Surrey/AML/aml_coursework/video_outputs/pick/FD5B6BE0.mp4,pick
/home/feem/Surrey/AML/aml_coursework/video_outputs/pick/83121923.mp4,pick
/home/feem/Surrey/AML/aml_coursework/video_outputs/pick/AD0AC0B4.mp4,pick
/home/feem/Surrey/AML/aml_coursework/video_outputs/pick/46454DE6.mp4,pick
/home/feem/Surrey/AML/aml_coursework/video_outputs/pick/B234D56A.mp4,pick
/home/feem/Surrey/AML/aml_coursework/video_outputs/pick/8BA61307.mp4,pick
/home/feem/Surrey/AML/aml_coursework/video_outputs/pick/E86BB140.mp4,pick
/home/feem/Surrey/AML/aml_coursework/video_outputs/pick/0EE3A3E3.mp4,pick
/home/feem/Surrey/AML/aml_coursework/video_outputs/pick/3FA63C0D.mp4,pick
/home/feem/Surrey/AML/aml_coursework/video_outputs/pick/AB6686B0.mp4,pick
/home/feem/Surrey/AML/aml_coursework/video_outputs/pick/25421474.mp4,pick
/home/feem/Surrey/AML/aml_coursework/video_outputs/pick/09F04F45.mp4,pick
/home/feem/Surrey/AML/aml_coursework/video_outputs/pick/60D1FDA0.mp4,pick
/home/feem/Surrey/AML/aml_coursework/video_outputs/pick/1FE91C8A.mp4,pick
/home/feem/Surrey/AML/aml_coursework/video_outputs/pick/A6A4E51C.mp4,pick
/home/feem/Surrey/AML/aml_coursework/video_outputs/pick/822749B8.mp4,pick
/home/feem/Surrey/AML/aml_coursework/video_outputs/pick/CFA35621.mp4,pick
/home/feem/Surrey/AML/aml_coursework/video_outputs/pick/BC08F1A5.mp4,pick
/home/feem/Surrey/AML/aml_coursework/video_outputs/pick/9BEAC9D8.mp4,pick
/home/feem/Surrey/AML/aml_coursework/video_outputs/pick/48B8B409.mp4,pick
/home/feem/Surrey/AML/aml_coursework/video_outputs/pick/EEF4717C.mp4,pick
/home/feem/Surrey/AML/aml_coursework/video_outputs/pick/CB331CF6.mp4,pick
/home/feem/Surrey/AML/aml_coursework/video_outputs/pick/BAF035CD.mp4,pick
/home/feem/Surrey/AML/aml_coursework/video_outputs/pick/2DF6A19C.mp4,pick
/home/feem/Surrey/AML/aml_coursework/video_outputs/pick/10ACF68C.mp4,pick
/home/feem/Surrey/AML/aml_coursework/video_outputs/pick/5BBE1C8F.mp4,pick
/home/feem/Surrey/AML/aml_coursework/video_outputs/pick/009ED9B7.mp4,pick
/home/feem/Surrey/AML/aml_coursework/video_outputs/pick/F15548E8.mp4,pick
/home/feem/Surrey/AML/aml_coursework/video_outputs/pick/3578EF65.mp4,pick
/home/feem/Surrey/AML/aml_coursework/video_outputs/pick/3FA9F52B.mp4,pick
/home/feem/Surrey/AML/aml_coursework/video_outputs/pick/C74FAD47.mp4,pick
/home/feem/Surrey/AML/aml_coursework/video_outputs/pick/7E935F14.mp4,pick
/home/feem/Surrey/AML/aml_coursework/video_outputs/pick/F8559BCB.mp4,pick
/home/feem/Surrey/AML/aml_coursework/video_outputs/pick/0635876C.mp4,pick
/home/feem/Surrey/AML/aml_coursework/video_outputs/pick/002B637E.mp4,pick
/home/feem/Surrey/AML/aml_coursework/video_outputs/pick/23A70391.mp4,pick
/home/feem/Surrey/AML/aml_coursework/video_outputs/pick/FFB0252F.mp4,pick
/home/feem/Surrey/AML/aml_coursework/video_outputs/pick/4BC0D1CB.mp4,pick
/home/feem/Surrey/AML/aml_coursework/video_outputs/pick/6475253C.mp4,pick
/home/feem/Surrey/AML/aml_coursework/video_outputs/pick/5CB19014.mp4,pick
/home/feem/Surrey/AML/aml_coursework/video_outputs/pick/A0E8AA11.mp4,pick
/home/feem/Surrey/AML/aml_coursework/video_outputs/pick/2A3C8E3F.mp4,pick
/home/feem/Surrey/AML/aml_coursework/video_outputs/pick/A90E9198.mp4,pick
/home/feem/Surrey/AML/aml_coursework/video_outputs/climb/E79BB0FC.mp4,climb
/home/feem/Surrey/AML/aml_coursework/video_outputs/climb/92B1B486.mp4,climb
/home/feem/Surrey/AML/aml_coursework/video_outputs/climb/AA84F900.mp4,climb
/home/feem/Surrey/AML/aml_coursework/video_outputs/climb/562AB096.mp4,climb
/home/feem/Surrey/AML/aml_coursework/video_outputs/climb/34F1E231.mp4,climb
/home/feem/Surrey/AML/aml_coursework/video_outputs/climb/A64A8DDB.mp4,climb
/home/feem/Surrey/AML/aml_coursework/video_outputs/climb/19A7E3AC.mp4,climb
/home/feem/Surrey/AML/aml_coursework/video_outputs/climb/D6347CB3.mp4,climb
/home/feem/Surrey/AML/aml_coursework/video_outputs/climb/DCB1BD14.mp4,climb
/home/feem/Surrey/AML/aml_coursework/video_outputs/climb/E0EF539C.mp4,climb
/home/feem/Surrey/AML/aml_coursework/video_outputs/climb/696FE37A.mp4,climb
/home/feem/Surrey/AML/aml_coursework/video_outputs/climb/E57E52E0.mp4,climb
/home/feem/Surrey/AML/aml_coursework/video_outputs/climb/AC74FE1D.mp4,climb
/home/feem/Surrey/AML/aml_coursework/video_outputs/climb/467B0318.mp4,climb
/home/feem/Surrey/AML/aml_coursework/video_outputs/climb/7E16232E.mp4,climb
/home/feem/Surrey/AML/aml_coursework/video_outputs/climb/57281591.mp4,climb
/home/feem/Surrey/AML/aml_coursework/video_outputs/climb/8836A48B.mp4,climb
/home/feem/Surrey/AML/aml_coursework/video_outputs/climb/28AE9E94.mp4,climb
/home/feem/Surrey/AML/aml_coursework/video_outputs/climb/878334BF.mp4,climb
/home/feem/Surrey/AML/aml_coursework/video_outputs/climb/0B39E2E8.mp4,climb
/home/feem/Surrey/AML/aml_coursework/video_outputs/climb/4D73CD8E.mp4,climb
/home/feem/Surrey/AML/aml_coursework/video_outputs/climb/1D03F52E.mp4,climb
/home/feem/Surrey/AML/aml_coursework/video_outputs/climb/2CF7477D.mp4,climb
/home/feem/Surrey/AML/aml_coursework/video_outputs/climb/CE33353F.mp4,climb
/home/feem/Surrey/AML/aml_coursework/video_outputs/climb/F4D9BF2A.mp4,climb
/home/feem/Surrey/AML/aml_coursework/video_outputs/climb/23CA81CA.mp4,climb
/home/feem/Surrey/AML/aml_coursework/video_outputs/climb/CFEA33A3.mp4,climb
/home/feem/Surrey/AML/aml_coursework/video_outputs/climb/BDD4386C.mp4,climb
/home/feem/Surrey/AML/aml_coursework/video_outputs/climb/F7B777D1.mp4,climb
/home/feem/Surrey/AML/aml_coursework/video_outputs/climb/90533C06.mp4,climb
/home/feem/Surrey/AML/aml_coursework/video_outputs/climb/5A6FBA90.mp4,climb
/home/feem/Surrey/AML/aml_coursework/video_outputs/climb/2562C859.mp4,climb
/home/feem/Surrey/AML/aml_coursework/video_outputs/climb/AAD04AD6.mp4,climb
/home/feem/Surrey/AML/aml_coursework/video_outputs/climb/B052D56B.mp4,climb
/home/feem/Surrey/AML/aml_coursework/video_outputs/climb/42002B23.mp4,climb
/home/feem/Surrey/AML/aml_coursework/video_outputs/climb/A0E0A7E2.mp4,climb
/home/feem/Surrey/AML/aml_coursework/video_outputs/climb/62D3F6F2.mp4,climb
/home/feem/Surrey/AML/aml_coursework/video_outputs/climb/73D3621B.mp4,climb
/home/feem/Surrey/AML/aml_coursework/video_outputs/climb/DCFB68C9.mp4,climb
/home/feem/Surrey/AML/aml_coursework/video_outputs/climb/E0D38C01.mp4,climb
/home/feem/Surrey/AML/aml_coursework/video_outputs/climb/003C0F3A.mp4,climb
/home/feem/Surrey/AML/aml_coursework/video_outputs/climb/39D8F9BA.mp4,climb
/home/feem/Surrey/AML/aml_coursework/video_outputs/climb/1B523844.mp4,climb
/home/feem/Surrey/AML/aml_coursework/video_outputs/climb/6866E9CD.mp4,climb
/home/feem/Surrey/AML/aml_coursework/video_outputs/climb/15630ADD.mp4,climb
/home/feem/Surrey/AML/aml_coursework/video_outputs/climb/B2AECAF7.mp4,climb
/home/feem/Surrey/AML/aml_coursework/video_outputs/climb/DFEE2197.mp4,climb
/home/feem/Surrey/AML/aml_coursework/video_outputs/climb/19FC2660.mp4,climb
/home/feem/Surrey/AML/aml_coursework/video_outputs/climb/50701282.mp4,climb
/home/feem/Surrey/AML/aml_coursework/video_outputs/climb/30CC3312.mp4,climb
/home/feem/Surrey/AML/aml_coursework/video_outputs/climb/E2B40343.mp4,climb
/home/feem/Surrey/AML/aml_coursework/video_outputs/climb/5A622884.mp4,climb
/home/feem/Surrey/AML/aml_coursework/video_outputs/climb/51031547.mp4,climb
/home/feem/Surrey/AML/aml_coursework/video_outputs/climb/EFD07F7D.mp4,climb
/home/feem/Surrey/AML/aml_coursework/video_outputs/climb/3463BE7F.mp4,climb
/home/feem/Surrey/AML/aml_coursework/video_outputs/climb/56907AA3.mp4,climb
/home/feem/Surrey/AML/aml_coursework/video_outputs/climb/0A05C515.mp4,climb
/home/feem/Surrey/AML/aml_coursework/video_outputs/climb/D386ECE4.mp4,climb
/home/feem/Surrey/AML/aml_coursework/video_outputs/climb/B433C1CB.mp4,climb
/home/feem/Surrey/AML/aml_coursework/video_outputs/climb/D539339F.mp4,climb
/home/feem/Surrey/AML/aml_coursework/video_outputs/climb/F59D6A21.mp4,climb
/home/feem/Surrey/AML/aml_coursework/video_outputs/climb/BDEA1FA0.mp4,climb
/home/feem/Surrey/AML/aml_coursework/video_outputs/climb/04ECD356.mp4,climb
/home/feem/Surrey/AML/aml_coursework/video_outputs/climb/D09CF8D0.mp4,climb
/home/feem/Surrey/AML/aml_coursework/video_outputs/climb/DF0E3542.mp4,climb
/home/feem/Surrey/AML/aml_coursework/video_outputs/climb/A5C84FD1.mp4,climb
/home/feem/Surrey/AML/aml_coursework/video_outputs/climb/57D1F0E8.mp4,climb
/home/feem/Surrey/AML/aml_coursework/video_outputs/climb/53884CEA.mp4,climb
/home/feem/Surrey/AML/aml_coursework/video_outputs/climb/51E99454.mp4,climb
/home/feem/Surrey/AML/aml_coursework/video_outputs/climb/87ADD2B6.mp4,climb
/home/feem/Surrey/AML/aml_coursework/video_outputs/climb/0208BF30.mp4,climb
/home/feem/Surrey/AML/aml_coursework/video_outputs/climb/487F482D.mp4,climb
/home/feem/Surrey/AML/aml_coursework/video_outputs/climb/0A146EC7.mp4,climb
/home/feem/Surrey/AML/aml_coursework/video_outputs/climb/180C32B7.mp4,climb
/home/feem/Surrey/AML/aml_coursework/video_outputs/climb/5C447764.mp4,climb
/home/feem/Surrey/AML/aml_coursework/video_outputs/climb/B56F9F4C.mp4,climb
/home/feem/Surrey/AML/aml_coursework/video_outputs/climb/A10FC80B.mp4,climb
/home/feem/Surrey/AML/aml_coursework/video_outputs/climb/FA2CB74A.mp4,climb
/home/feem/Surrey/AML/aml_coursework/video_outputs/climb/B381A65F.mp4,climb
/home/feem/Surrey/AML/aml_coursework/video_outputs/climb/768C7CB4.mp4,climb
/home/feem/Surrey/AML/aml_coursework/video_outputs/climb/C71477FE.mp4,climb
/home/feem/Surrey/AML/aml_coursework/video_outputs/climb/206E4910.mp4,climb
/home/feem/Surrey/AML/aml_coursework/video_outputs/climb/2E88A751.mp4,climb
/home/feem/Surrey/AML/aml_coursework/video_outputs/climb/625A0704.mp4,climb
/home/feem/Surrey/AML/aml_coursework/video_outputs/climb/DC8EF74E.mp4,climb
/home/feem/Surrey/AML/aml_coursework/video_outputs/climb/58E250C2.mp4,climb
/home/feem/Surrey/AML/aml_coursework/video_outputs/climb/3AD0F7D4.mp4,climb
/home/feem/Surrey/AML/aml_coursework/video_outputs/climb/031E98AF.mp4,climb
/home/feem/Surrey/AML/aml_coursework/video_outputs/climb/11E1BC1D.mp4,climb
/home/feem/Surrey/AML/aml_coursework/video_outputs/climb/ED601065.mp4,climb
/home/feem/Surrey/AML/aml_coursework/video_outputs/climb/A0ED139B.mp4,climb
/home/feem/Surrey/AML/aml_coursework/video_outputs/climb/4CC184DD.mp4,climb
/home/feem/Surrey/AML/aml_coursework/video_outputs/climb/15036023.mp4,climb
/home/feem/Surrey/AML/aml_coursework/video_outputs/climb/5D41FB72.mp4,climb
/home/feem/Surrey/AML/aml_coursework/video_outputs/climb/3816EF41.mp4,climb
/home/feem/Surrey/AML/aml_coursework/video_outputs/climb/5422680C.mp4,climb
/home/feem/Surrey/AML/aml_coursework/video_outputs/climb/746C816D.mp4,climb
/home/feem/Surrey/AML/aml_coursework/video_outputs/climb/B150116B.mp4,climb
/home/feem/Surrey/AML/aml_coursework/video_outputs/climb/DAFEA40C.mp4,climb
/home/feem/Surrey/AML/aml_coursework/video_outputs/climb/BE85F9F1.mp4,climb
/home/feem/Surrey/AML/aml_coursework/video_outputs/smoke/D99443AD.mp4,smoke
/home/feem/Surrey/AML/aml_coursework/video_outputs/smoke/6A6A2766.mp4,smoke
/home/feem/Surrey/AML/aml_coursework/video_outputs/smoke/5F0571F0.mp4,smoke
/home/feem/Surrey/AML/aml_coursework/video_outputs/smoke/48A3DEB9.mp4,smoke
/home/feem/Surrey/AML/aml_coursework/video_outputs/smoke/D929EC9F.mp4,smoke
/home/feem/Surrey/AML/aml_coursework/video_outputs/smoke/249D0F93.mp4,smoke
/home/feem/Surrey/AML/aml_coursework/video_outputs/smoke/3721D24C.mp4,smoke
/home/feem/Surrey/AML/aml_coursework/video_outputs/smoke/13F42D1C.mp4,smoke
/home/feem/Surrey/AML/aml_coursework/video_outputs/smoke/3A6263C2.mp4,smoke
/home/feem/Surrey/AML/aml_coursework/video_outputs/smoke/7EF777EB.mp4,smoke
/home/feem/Surrey/AML/aml_coursework/video_outputs/smoke/0C8796AD.mp4,smoke
/home/feem/Surrey/AML/aml_coursework/video_outputs/smoke/25BCEE05.mp4,smoke
/home/feem/Surrey/AML/aml_coursework/video_outputs/smoke/9BFB68E8.mp4,smoke
/home/feem/Surrey/AML/aml_coursework/video_outputs/smoke/AE8BDAE2.mp4,smoke
/home/feem/Surrey/AML/aml_coursework/video_outputs/smoke/85F4C02E.mp4,smoke
/home/feem/Surrey/AML/aml_coursework/video_outputs/smoke/EEE2C23E.mp4,smoke
/home/feem/Surrey/AML/aml_coursework/video_outputs/smoke/72F6E23B.mp4,smoke
/home/feem/Surrey/AML/aml_coursework/video_outputs/smoke/1DDE6310.mp4,smoke
/home/feem/Surrey/AML/aml_coursework/video_outputs/smoke/22FE0F88.mp4,smoke
/home/feem/Surrey/AML/aml_coursework/video_outputs/smoke/C8792F76.mp4,smoke
/home/feem/Surrey/AML/aml_coursework/video_outputs/smoke/8287D066.mp4,smoke
/home/feem/Surrey/AML/aml_coursework/video_outputs/smoke/6B3EAB18.mp4,smoke
/home/feem/Surrey/AML/aml_coursework/video_outputs/smoke/89A7A68C.mp4,smoke
/home/feem/Surrey/AML/aml_coursework/video_outputs/smoke/982C5597.mp4,smoke
/home/feem/Surrey/AML/aml_coursework/video_outputs/smoke/26E44E63.mp4,smoke
/home/feem/Surrey/AML/aml_coursework/video_outputs/smoke/88026695.mp4,smoke
/home/feem/Surrey/AML/aml_coursework/video_outputs/smoke/C51CDC88.mp4,smoke
/home/feem/Surrey/AML/aml_coursework/video_outputs/smoke/D7BA8E17.mp4,smoke
/home/feem/Surrey/AML/aml_coursework/video_outputs/smoke/0F07C665.mp4,smoke
/home/feem/Surrey/AML/aml_coursework/video_outputs/smoke/CBA920C7.mp4,smoke
/home/feem/Surrey/AML/aml_coursework/video_outputs/smoke/7B575B30.mp4,smoke
/home/feem/Surrey/AML/aml_coursework/video_outputs/smoke/EFA0E5E6.mp4,smoke
/home/feem/Surrey/AML/aml_coursework/video_outputs/smoke/E5AFEB6E.mp4,smoke
/home/feem/Surrey/AML/aml_coursework/video_outputs/smoke/92D80861.mp4,smoke
/home/feem/Surrey/AML/aml_coursework/video_outputs/smoke/16173F8F.mp4,smoke
/home/feem/Surrey/AML/aml_coursework/video_outputs/smoke/D7ABBBB4.mp4,smoke
/home/feem/Surrey/AML/aml_coursework/video_outputs/smoke/D87F48D4.mp4,smoke
/home/feem/Surrey/AML/aml_coursework/video_outputs/smoke/284FF5A9.mp4,smoke
/home/feem/Surrey/AML/aml_coursework/video_outputs/smoke/C0D79154.mp4,smoke
/home/feem/Surrey/AML/aml_coursework/video_outputs/smoke/4A470EF9.mp4,smoke
/home/feem/Surrey/AML/aml_coursework/video_outputs/smoke/DA3C94C5.mp4,smoke
/home/feem/Surrey/AML/aml_coursework/video_outputs/smoke/805B91D2.mp4,smoke
/home/feem/Surrey/AML/aml_coursework/video_outputs/smoke/3B63FF50.mp4,smoke
/home/feem/Surrey/AML/aml_coursework/video_outputs/smoke/51579B86.mp4,smoke
/home/feem/Surrey/AML/aml_coursework/video_outputs/smoke/A88862BF.mp4,smoke
/home/feem/Surrey/AML/aml_coursework/video_outputs/smoke/69F41CBB.mp4,smoke
/home/feem/Surrey/AML/aml_coursework/video_outputs/smoke/4CBB2C53.mp4,smoke
/home/feem/Surrey/AML/aml_coursework/video_outputs/smoke/890D0249.mp4,smoke
/home/feem/Surrey/AML/aml_coursework/video_outputs/smoke/04B3E562.mp4,smoke
/home/feem/Surrey/AML/aml_coursework/video_outputs/smoke/2AC0A239.mp4,smoke
/home/feem/Surrey/AML/aml_coursework/video_outputs/pullup/BB6AF5DF.mp4,pullup
/home/feem/Surrey/AML/aml_coursework/video_outputs/pullup/E6034F39.mp4,pullup
/home/feem/Surrey/AML/aml_coursework/video_outputs/pullup/55ACC10E.mp4,pullup
/home/feem/Surrey/AML/aml_coursework/video_outputs/pullup/FB5DA579.mp4,pullup
/home/feem/Surrey/AML/aml_coursework/video_outputs/pullup/2A087E0B.mp4,pullup
/home/feem/Surrey/AML/aml_coursework/video_outputs/pullup/DA0DFFC2.mp4,pullup
/home/feem/Surrey/AML/aml_coursework/video_outputs/pullup/1761EC22.mp4,pullup
/home/feem/Surrey/AML/aml_coursework/video_outputs/pullup/8BAAA8FC.mp4,pullup
/home/feem/Surrey/AML/aml_coursework/video_outputs/pullup/6D22390D.mp4,pullup
/home/feem/Surrey/AML/aml_coursework/video_outputs/pullup/6FAC28BB.mp4,pullup
/home/feem/Surrey/AML/aml_coursework/video_outputs/pullup/93998864.mp4,pullup
/home/feem/Surrey/AML/aml_coursework/video_outputs/pullup/E5B5C0E9.mp4,pullup
/home/feem/Surrey/AML/aml_coursework/video_outputs/pullup/87AF0BEB.mp4,pullup
/home/feem/Surrey/AML/aml_coursework/video_outputs/pullup/EAE60376.mp4,pullup
/home/feem/Surrey/AML/aml_coursework/video_outputs/pullup/0A4A5677.mp4,pullup
/home/feem/Surrey/AML/aml_coursework/video_outputs/pullup/98B3B5A3.mp4,pullup
/home/feem/Surrey/AML/aml_coursework/video_outputs/pullup/A37B0B1F.mp4,pullup
/home/feem/Surrey/AML/aml_coursework/video_outputs/pullup/B38C80A9.mp4,pullup
/home/feem/Surrey/AML/aml_coursework/video_outputs/pullup/38632A91.mp4,pullup
/home/feem/Surrey/AML/aml_coursework/video_outputs/pullup/D68B6646.mp4,pullup
/home/feem/Surrey/AML/aml_coursework/video_outputs/pullup/9758D233.mp4,pullup
/home/feem/Surrey/AML/aml_coursework/video_outputs/pullup/A00DD8FF.mp4,pullup
/home/feem/Surrey/AML/aml_coursework/video_outputs/pullup/4718F3D0.mp4,pullup
/home/feem/Surrey/AML/aml_coursework/video_outputs/pullup/7A42B045.mp4,pullup
/home/feem/Surrey/AML/aml_coursework/video_outputs/pullup/8DB634BA.mp4,pullup
/home/feem/Surrey/AML/aml_coursework/video_outputs/pullup/46DCE216.mp4,pullup
/home/feem/Surrey/AML/aml_coursework/video_outputs/pullup/349F4A8D.mp4,pullup
/home/feem/Surrey/AML/aml_coursework/video_outputs/pullup/4EB0319C.mp4,pullup
/home/feem/Surrey/AML/aml_coursework/video_outputs/pullup/6281BF32.mp4,pullup
/home/feem/Surrey/AML/aml_coursework/video_outputs/pullup/753849C4.mp4,pullup
/home/feem/Surrey/AML/aml_coursework/video_outputs/pullup/2FA19DE2.mp4,pullup
/home/feem/Surrey/AML/aml_coursework/video_outputs/pullup/F6907B76.mp4,pullup
/home/feem/Surrey/AML/aml_coursework/video_outputs/pullup/5BB09D20.mp4,pullup
/home/feem/Surrey/AML/aml_coursework/video_outputs/pullup/83A6CCEF.mp4,pullup
/home/feem/Surrey/AML/aml_coursework/video_outputs/pullup/DAABF382.mp4,pullup
/home/feem/Surrey/AML/aml_coursework/video_outputs/pullup/2A4946E2.mp4,pullup
/home/feem/Surrey/AML/aml_coursework/video_outputs/pullup/22D6605D.mp4,pullup
/home/feem/Surrey/AML/aml_coursework/video_outputs/pullup/33B9D59A.mp4,pullup
/home/feem/Surrey/AML/aml_coursework/video_outputs/pullup/CA4AFEAE.mp4,pullup
/home/feem/Surrey/AML/aml_coursework/video_outputs/pullup/B79EF41B.mp4,pullup
/home/feem/Surrey/AML/aml_coursework/video_outputs/pullup/3C42F305.mp4,pullup
/home/feem/Surrey/AML/aml_coursework/video_outputs/pullup/53812D71.mp4,pullup
/home/feem/Surrey/AML/aml_coursework/video_outputs/pullup/2D179D9E.mp4,pullup
/home/feem/Surrey/AML/aml_coursework/video_outputs/pullup/A0C1E577.mp4,pullup
/home/feem/Surrey/AML/aml_coursework/video_outputs/pullup/A877348D.mp4,pullup
/home/feem/Surrey/AML/aml_coursework/video_outputs/pullup/FE0D1DD7.mp4,pullup
/home/feem/Surrey/AML/aml_coursework/video_outputs/pullup/0C18F03D.mp4,pullup
/home/feem/Surrey/AML/aml_coursework/video_outputs/pullup/06D91EDA.mp4,pullup
/home/feem/Surrey/AML/aml_coursework/video_outputs/pullup/0CC426C9.mp4,pullup
/home/feem/Surrey/AML/aml_coursework/video_outputs/pullup/3FADD8DE.mp4,pullup
/home/feem/Surrey/AML/aml_coursework/video_outputs/situp/FD7105F1.mp4,situp
/home/feem/Surrey/AML/aml_coursework/video_outputs/situp/7FCD3909.mp4,situp
/home/feem/Surrey/AML/aml_coursework/video_outputs/situp/0FC0420A.mp4,situp
/home/feem/Surrey/AML/aml_coursework/video_outputs/situp/89D57EA0.mp4,situp
/home/feem/Surrey/AML/aml_coursework/video_outputs/situp/778BFB64.mp4,situp
/home/feem/Surrey/AML/aml_coursework/video_outputs/situp/579A6BC0.mp4,situp
/home/feem/Surrey/AML/aml_coursework/video_outputs/situp/BB0FBCC7.mp4,situp
/home/feem/Surrey/AML/aml_coursework/video_outputs/situp/D3890AD7.mp4,situp
/home/feem/Surrey/AML/aml_coursework/video_outputs/situp/3571B4A9.mp4,situp
/home/feem/Surrey/AML/aml_coursework/video_outputs/situp/D8F13E27.mp4,situp
/home/feem/Surrey/AML/aml_coursework/video_outputs/situp/B76F17BE.mp4,situp
/home/feem/Surrey/AML/aml_coursework/video_outputs/situp/94D33B54.mp4,situp
/home/feem/Surrey/AML/aml_coursework/video_outputs/situp/EB59F283.mp4,situp
/home/feem/Surrey/AML/aml_coursework/video_outputs/situp/3C089F2A.mp4,situp
/home/feem/Surrey/AML/aml_coursework/video_outputs/situp/849BFD63.mp4,situp
/home/feem/Surrey/AML/aml_coursework/video_outputs/situp/FFD9EA45.mp4,situp
/home/feem/Surrey/AML/aml_coursework/video_outputs/situp/50F850A0.mp4,situp
/home/feem/Surrey/AML/aml_coursework/video_outputs/situp/BF289BC0.mp4,situp
/home/feem/Surrey/AML/aml_coursework/video_outputs/situp/10ADC748.mp4,situp
/home/feem/Surrey/AML/aml_coursework/video_outputs/situp/A9E9F282.mp4,situp
/home/feem/Surrey/AML/aml_coursework/video_outputs/situp/A246EB6C.mp4,situp
/home/feem/Surrey/AML/aml_coursework/video_outputs/situp/05AFA064.mp4,situp
/home/feem/Surrey/AML/aml_coursework/video_outputs/situp/06114D01.mp4,situp
/home/feem/Surrey/AML/aml_coursework/video_outputs/situp/CF58AA66.mp4,situp
/home/feem/Surrey/AML/aml_coursework/video_outputs/situp/D1542C5A.mp4,situp
/home/feem/Surrey/AML/aml_coursework/video_outputs/situp/5D30641A.mp4,situp
/home/feem/Surrey/AML/aml_coursework/video_outputs/situp/07C00216.mp4,situp
/home/feem/Surrey/AML/aml_coursework/video_outputs/situp/419E30B6.mp4,situp
/home/feem/Surrey/AML/aml_coursework/video_outputs/situp/C3ACDBE1.mp4,situp
/home/feem/Surrey/AML/aml_coursework/video_outputs/situp/CD5975E4.mp4,situp
/home/feem/Surrey/AML/aml_coursework/video_outputs/situp/5C1968D8.mp4,situp
/home/feem/Surrey/AML/aml_coursework/video_outputs/situp/9C332509.mp4,situp
/home/feem/Surrey/AML/aml_coursework/video_outputs/situp/357A9425.mp4,situp
/home/feem/Surrey/AML/aml_coursework/video_outputs/situp/0C520BC2.mp4,situp
/home/feem/Surrey/AML/aml_coursework/video_outputs/situp/FA2BF67C.mp4,situp
/home/feem/Surrey/AML/aml_coursework/video_outputs/situp/950E8149.mp4,situp
/home/feem/Surrey/AML/aml_coursework/video_outputs/situp/5CF3AC3B.mp4,situp
/home/feem/Surrey/AML/aml_coursework/video_outputs/situp/C877B68D.mp4,situp
/home/feem/Surrey/AML/aml_coursework/video_outputs/situp/71BAB7E7.mp4,situp
/home/feem/Surrey/AML/aml_coursework/video_outputs/situp/D1C69232.mp4,situp
/home/feem/Surrey/AML/aml_coursework/video_outputs/situp/6ECDB60D.mp4,situp
/home/feem/Surrey/AML/aml_coursework/video_outputs/situp/6E467594.mp4,situp
/home/feem/Surrey/AML/aml_coursework/video_outputs/situp/A280371D.mp4,situp
/home/feem/Surrey/AML/aml_coursework/video_outputs/situp/79438A65.mp4,situp
/home/feem/Surrey/AML/aml_coursework/video_outputs/situp/88EF112D.mp4,situp
/home/feem/Surrey/AML/aml_coursework/video_outputs/situp/B009D447.mp4,situp
/home/feem/Surrey/AML/aml_coursework/video_outputs/situp/469880EF.mp4,situp
/home/feem/Surrey/AML/aml_coursework/video_outputs/situp/9F77CBA2.mp4,situp
/home/feem/Surrey/AML/aml_coursework/video_outputs/situp/3C5DFE77.mp4,situp
/home/feem/Surrey/AML/aml_coursework/video_outputs/situp/D5584FAB.mp4,situp
/home/feem/Surrey/AML/aml_coursework/video_outputs/eat/9A80B9ED.mp4,eat
/home/feem/Surrey/AML/aml_coursework/video_outputs/eat/EA847C90.mp4,eat
/home/feem/Surrey/AML/aml_coursework/video_outputs/eat/21BB562D.mp4,eat
/home/feem/Surrey/AML/aml_coursework/video_outputs/eat/23BBF2F8.mp4,eat
/home/feem/Surrey/AML/aml_coursework/video_outputs/eat/10ED61B2.mp4,eat
/home/feem/Surrey/AML/aml_coursework/video_outputs/eat/C8CBCEB3.mp4,eat
/home/feem/Surrey/AML/aml_coursework/video_outputs/eat/2BB694C0.mp4,eat
/home/feem/Surrey/AML/aml_coursework/video_outputs/eat/58A7D204.mp4,eat
/home/feem/Surrey/AML/aml_coursework/video_outputs/eat/D9E2A56E.mp4,eat
/home/feem/Surrey/AML/aml_coursework/video_outputs/eat/D23E811E.mp4,eat
/home/feem/Surrey/AML/aml_coursework/video_outputs/eat/D434F044.mp4,eat
/home/feem/Surrey/AML/aml_coursework/video_outputs/eat/DA27BE4C.mp4,eat
/home/feem/Surrey/AML/aml_coursework/video_outputs/eat/A010AB22.mp4,eat
/home/feem/Surrey/AML/aml_coursework/video_outputs/eat/626A889D.mp4,eat
/home/feem/Surrey/AML/aml_coursework/video_outputs/eat/843093C3.mp4,eat
/home/feem/Surrey/AML/aml_coursework/video_outputs/eat/9D1AC08F.mp4,eat
/home/feem/Surrey/AML/aml_coursework/video_outputs/eat/08BB7529.mp4,eat
/home/feem/Surrey/AML/aml_coursework/video_outputs/eat/90A09D91.mp4,eat
/home/feem/Surrey/AML/aml_coursework/video_outputs/eat/28BB7468.mp4,eat
/home/feem/Surrey/AML/aml_coursework/video_outputs/eat/6B0614DF.mp4,eat
/home/feem/Surrey/AML/aml_coursework/video_outputs/eat/A61F04A4.mp4,eat
/home/feem/Surrey/AML/aml_coursework/video_outputs/eat/B8197984.mp4,eat
/home/feem/Surrey/AML/aml_coursework/video_outputs/eat/AD368F05.mp4,eat
/home/feem/Surrey/AML/aml_coursework/video_outputs/eat/18C35202.mp4,eat
/home/feem/Surrey/AML/aml_coursework/video_outputs/eat/BFE8D2E0.mp4,eat
/home/feem/Surrey/AML/aml_coursework/video_outputs/eat/EDC9F5FE.mp4,eat
/home/feem/Surrey/AML/aml_coursework/video_outputs/eat/A42C0F3F.mp4,eat
/home/feem/Surrey/AML/aml_coursework/video_outputs/eat/5A0731E8.mp4,eat
/home/feem/Surrey/AML/aml_coursework/video_outputs/eat/FD785FBD.mp4,eat
/home/feem/Surrey/AML/aml_coursework/video_outputs/eat/CC13C3E3.mp4,eat
/home/feem/Surrey/AML/aml_coursework/video_outputs/eat/0132C83C.mp4,eat
/home/feem/Surrey/AML/aml_coursework/video_outputs/eat/735411AE.mp4,eat
/home/feem/Surrey/AML/aml_coursework/video_outputs/eat/62BA6983.mp4,eat
/home/feem/Surrey/AML/aml_coursework/video_outputs/eat/5A9F82E8.mp4,eat
/home/feem/Surrey/AML/aml_coursework/video_outputs/eat/42878FA2.mp4,eat
/home/feem/Surrey/AML/aml_coursework/video_outputs/eat/11F5477D.mp4,eat
/home/feem/Surrey/AML/aml_coursework/video_outputs/eat/0D539CA1.mp4,eat
/home/feem/Surrey/AML/aml_coursework/video_outputs/eat/42EADE70.mp4,eat
/home/feem/Surrey/AML/aml_coursework/video_outputs/eat/EF1C1EC2.mp4,eat
/home/feem/Surrey/AML/aml_coursework/video_outputs/eat/02F80402.mp4,eat
/home/feem/Surrey/AML/aml_coursework/video_outputs/eat/86B94991.mp4,eat
/home/feem/Surrey/AML/aml_coursework/video_outputs/eat/8CB59BD3.mp4,eat
/home/feem/Surrey/AML/aml_coursework/video_outputs/eat/CE14FF6E.mp4,eat
/home/feem/Surrey/AML/aml_coursework/video_outputs/eat/0B487133.mp4,eat
/home/feem/Surrey/AML/aml_coursework/video_outputs/eat/29162A2C.mp4,eat
/home/feem/Surrey/AML/aml_coursework/video_outputs/eat/E9B7D4E7.mp4,eat
/home/feem/Surrey/AML/aml_coursework/video_outputs/eat/AA435436.mp4,eat
/home/feem/Surrey/AML/aml_coursework/video_outputs/eat/1791E719.mp4,eat
/home/feem/Surrey/AML/aml_coursework/video_outputs/eat/49AC506B.mp4,eat
/home/feem/Surrey/AML/aml_coursework/video_outputs/eat/9EE3F30F.mp4,eat
